-- MySQL dump 10.13  Distrib 8.3.0, for Linux (x86_64)
--
-- Host: localhost    Database: seas
-- ------------------------------------------------------
-- Server version	8.3.0

/*!40101 SET @OLD_CHARACTER_SET_CLIENT=@@CHARACTER_SET_CLIENT */;
/*!40101 SET @OLD_CHARACTER_SET_RESULTS=@@CHARACTER_SET_RESULTS */;
/*!40101 SET @OLD_COLLATION_CONNECTION=@@COLLATION_CONNECTION */;
/*!50503 SET NAMES utf8mb4 */;
/*!40103 SET @OLD_TIME_ZONE=@@TIME_ZONE */;
/*!40103 SET TIME_ZONE='+00:00' */;
/*!40014 SET @OLD_UNIQUE_CHECKS=@@UNIQUE_CHECKS, UNIQUE_CHECKS=0 */;
/*!40014 SET @OLD_FOREIGN_KEY_CHECKS=@@FOREIGN_KEY_CHECKS, FOREIGN_KEY_CHECKS=0 */;
/*!40101 SET @OLD_SQL_MODE=@@SQL_MODE, SQL_MODE='NO_AUTO_VALUE_ON_ZERO' */;
/*!40111 SET @OLD_SQL_NOTES=@@SQL_NOTES, SQL_NOTES=0 */;

--
-- Table structure for table `badge`
--

DROP TABLE IF EXISTS `badge`;
/*!40101 SET @saved_cs_client     = @@character_set_client */;
/*!50503 SET character_set_client = utf8mb4 */;
CREATE TABLE `badge` (
  `id` int NOT NULL AUTO_INCREMENT,
  `created_at` datetime(6) DEFAULT NULL,
  `updated_at` datetime(6) DEFAULT NULL,
  `name` varchar(50) NOT NULL,
  PRIMARY KEY (`id`)
) ENGINE=InnoDB AUTO_INCREMENT=7 DEFAULT CHARSET=utf8mb4 COLLATE=utf8mb4_0900_ai_ci;
/*!40101 SET character_set_client = @saved_cs_client */;

--
-- Dumping data for table `badge`
--

LOCK TABLES `badge` WRITE;
/*!40000 ALTER TABLE `badge` DISABLE KEYS */;
INSERT INTO `badge` VALUES (1,NULL,NULL,'알고리즘'),(2,NULL,NULL,'네트워크'),(3,NULL,NULL,'자료구조'),(4,NULL,NULL,'데이터베이스'),(5,NULL,NULL,'컴퓨터구조'),(6,NULL,NULL,'운영체제');
/*!40000 ALTER TABLE `badge` ENABLE KEYS */;
UNLOCK TABLES;

--
-- Table structure for table `card_quiz`
--

DROP TABLE IF EXISTS `card_quiz`;
/*!40101 SET @saved_cs_client     = @@character_set_client */;
/*!50503 SET character_set_client = utf8mb4 */;
CREATE TABLE `card_quiz` (
  `id` int NOT NULL AUTO_INCREMENT,
  `flashcard_id` int DEFAULT NULL,
  `quiz_id` int DEFAULT NULL,
  `created_at` datetime(6) DEFAULT NULL,
  `updated_at` datetime(6) DEFAULT NULL,
  PRIMARY KEY (`id`),
  KEY `FKFlashCardIdByCardQuiz` (`flashcard_id`),
  KEY `FKQuizIdByCardQuiz` (`quiz_id`),
  CONSTRAINT `FKFlashCardIdByCardQuiz` FOREIGN KEY (`flashcard_id`) REFERENCES `flashcard` (`id`),
  CONSTRAINT `FKQuizIdByCardQuiz` FOREIGN KEY (`quiz_id`) REFERENCES `quiz` (`id`)
) ENGINE=InnoDB AUTO_INCREMENT=79 DEFAULT CHARSET=utf8mb4 COLLATE=utf8mb4_0900_ai_ci;
/*!40101 SET character_set_client = @saved_cs_client */;

--
-- Dumping data for table `card_quiz`
--

LOCK TABLES `card_quiz` WRITE;
/*!40000 ALTER TABLE `card_quiz` DISABLE KEYS */;
INSERT INTO `card_quiz` VALUES (1,1,1,'2024-02-15 13:25:08.000000','2024-02-15 13:25:08.000000'),(2,2,2,'2024-02-15 13:25:08.000000','2024-02-15 13:25:08.000000'),(3,3,3,'2024-02-15 13:25:08.000000','2024-02-15 13:25:08.000000'),(4,4,4,'2024-02-15 13:25:08.000000','2024-02-15 13:25:08.000000'),(5,5,5,'2024-02-15 13:25:08.000000','2024-02-15 13:25:08.000000'),(6,6,6,'2024-02-15 13:25:08.000000','2024-02-15 13:25:08.000000'),(7,7,7,'2024-02-15 13:25:08.000000','2024-02-15 13:25:08.000000'),(8,8,8,'2024-02-15 13:25:08.000000','2024-02-15 13:25:08.000000'),(9,9,9,'2024-02-15 13:25:08.000000','2024-02-15 13:25:08.000000'),(10,10,10,'2024-02-15 13:25:08.000000','2024-02-15 13:25:08.000000'),(11,31,11,'2024-02-15 13:25:08.000000','2024-02-15 13:25:08.000000'),(12,32,12,'2024-02-15 13:25:08.000000','2024-02-15 13:25:08.000000'),(13,33,13,'2024-02-15 13:25:08.000000','2024-02-15 13:25:08.000000'),(14,34,14,'2024-02-15 13:25:08.000000','2024-02-15 13:25:08.000000'),(15,35,15,'2024-02-15 13:25:08.000000','2024-02-15 13:25:08.000000'),(16,36,16,'2024-02-15 13:25:08.000000','2024-02-15 13:25:08.000000'),(17,37,17,'2024-02-15 13:25:08.000000','2024-02-15 13:25:08.000000'),(18,38,18,'2024-02-15 13:25:08.000000','2024-02-15 13:25:08.000000'),(19,39,19,'2024-02-15 13:25:08.000000','2024-02-15 13:25:08.000000'),(20,40,20,'2024-02-15 13:25:08.000000','2024-02-15 13:25:08.000000'),(21,NULL,21,'2024-02-15 13:25:08.000000','2024-02-15 13:25:08.000000'),(22,NULL,22,'2024-02-15 13:25:08.000000','2024-02-15 13:25:08.000000'),(23,NULL,23,'2024-02-15 13:25:08.000000','2024-02-15 13:25:08.000000'),(24,NULL,24,'2024-02-15 13:25:08.000000','2024-02-15 13:25:08.000000'),(25,NULL,25,'2024-02-15 13:25:08.000000','2024-02-15 13:25:08.000000'),(26,NULL,26,'2024-02-15 13:25:08.000000','2024-02-15 13:25:08.000000'),(27,NULL,27,'2024-02-15 13:25:08.000000','2024-02-15 13:25:08.000000'),(28,NULL,28,'2024-02-15 13:25:08.000000','2024-02-15 13:25:08.000000'),(29,NULL,29,'2024-02-15 13:25:08.000000','2024-02-15 13:25:08.000000'),(30,NULL,30,'2024-02-15 13:25:08.000000','2024-02-15 13:25:08.000000'),(31,13,31,'2024-02-15 13:25:08.000000','2024-02-15 13:25:08.000000'),(32,17,32,'2024-02-15 13:25:08.000000','2024-02-15 13:25:08.000000'),(33,NULL,33,'2024-02-15 13:25:08.000000','2024-02-15 13:25:08.000000'),(34,18,34,'2024-02-15 13:25:08.000000','2024-02-15 13:25:08.000000'),(35,16,35,'2024-02-15 13:25:08.000000','2024-02-15 13:25:08.000000'),(36,14,36,'2024-02-15 13:25:08.000000','2024-02-15 13:25:08.000000'),(37,20,37,'2024-02-15 13:25:08.000000','2024-02-15 13:25:08.000000'),(38,19,38,'2024-02-15 13:25:08.000000','2024-02-15 13:25:08.000000'),(39,12,39,'2024-02-15 13:25:08.000000','2024-02-15 13:25:08.000000'),(40,11,NULL,'2024-02-15 13:25:08.000000','2024-02-15 13:25:08.000000'),(41,15,NULL,'2024-02-15 13:25:08.000000','2024-02-15 13:25:08.000000'),(42,21,40,'2024-02-15 13:25:08.000000','2024-02-15 13:25:08.000000'),(43,22,41,'2024-02-15 13:25:08.000000','2024-02-15 13:25:08.000000'),(44,23,42,'2024-02-15 13:25:08.000000','2024-02-15 13:25:08.000000'),(45,NULL,43,'2024-02-15 13:25:08.000000','2024-02-15 13:25:08.000000'),(46,NULL,44,'2024-02-15 13:25:08.000000','2024-02-15 13:25:08.000000'),(47,26,45,'2024-02-15 13:25:08.000000','2024-02-15 13:25:08.000000'),(48,NULL,46,'2024-02-15 13:25:08.000000','2024-02-15 13:25:08.000000'),(49,28,47,'2024-02-15 13:25:08.000000','2024-02-15 13:25:08.000000'),(50,29,48,'2024-02-15 13:25:08.000000','2024-02-15 13:25:08.000000'),(51,30,49,'2024-02-15 13:25:08.000000','2024-02-15 13:25:08.000000'),(52,24,NULL,'2024-02-15 13:25:08.000000','2024-02-15 13:25:08.000000'),(53,25,NULL,'2024-02-15 13:25:08.000000','2024-02-15 13:25:08.000000'),(54,27,NULL,'2024-02-15 13:25:08.000000','2024-02-15 13:25:08.000000'),(55,51,50,'2024-02-15 13:25:08.000000','2024-02-15 13:25:08.000000'),(56,52,51,'2024-02-15 13:25:08.000000','2024-02-15 13:25:08.000000'),(57,54,52,'2024-02-15 13:25:08.000000','2024-02-15 13:25:08.000000'),(58,53,53,'2024-02-15 13:25:08.000000','2024-02-15 13:25:08.000000'),(59,55,54,'2024-02-15 13:25:08.000000','2024-02-15 13:25:08.000000'),(60,56,55,'2024-02-15 13:25:08.000000','2024-02-15 13:25:08.000000'),(61,57,56,'2024-02-15 13:25:08.000000','2024-02-15 13:25:08.000000'),(62,58,57,'2024-02-15 13:25:08.000000','2024-02-15 13:25:08.000000'),(63,59,58,'2024-02-15 13:25:08.000000','2024-02-15 13:25:08.000000'),(64,60,59,'2024-02-15 13:25:08.000000','2024-02-15 13:25:08.000000'),(65,43,60,'2024-02-15 13:25:08.000000','2024-02-15 13:25:08.000000'),(66,41,61,'2024-02-15 13:25:08.000000','2024-02-15 13:25:08.000000'),(67,NULL,62,'2024-02-15 13:25:08.000000','2024-02-15 13:25:08.000000'),(68,NULL,63,'2024-02-15 13:25:08.000000','2024-02-15 13:25:08.000000'),(69,NULL,64,'2024-02-15 13:25:08.000000','2024-02-15 13:25:08.000000'),(70,NULL,65,'2024-02-15 13:25:08.000000','2024-02-15 13:25:08.000000'),(71,47,66,'2024-02-15 13:25:08.000000','2024-02-15 13:25:08.000000'),(72,44,67,'2024-02-15 13:25:08.000000','2024-02-15 13:25:08.000000'),(73,50,68,'2024-02-15 13:25:08.000000','2024-02-15 13:25:08.000000'),(74,45,69,'2024-02-15 13:25:08.000000','2024-02-15 13:25:08.000000'),(75,42,NULL,'2024-02-15 13:25:08.000000','2024-02-15 13:25:08.000000'),(76,46,NULL,'2024-02-15 13:25:08.000000','2024-02-15 13:25:08.000000'),(77,48,NULL,'2024-02-15 13:25:08.000000','2024-02-15 13:25:08.000000'),(78,49,NULL,'2024-02-15 13:25:08.000000','2024-02-15 13:25:08.000000');
/*!40000 ALTER TABLE `card_quiz` ENABLE KEYS */;
UNLOCK TABLES;

--
-- Table structure for table `category`
--

DROP TABLE IF EXISTS `category`;
/*!40101 SET @saved_cs_client     = @@character_set_client */;
/*!50503 SET character_set_client = utf8mb4 */;
CREATE TABLE `category` (
  `id` int NOT NULL AUTO_INCREMENT,
  `created_at` datetime(6) DEFAULT NULL,
  `updated_at` datetime(6) DEFAULT NULL,
  `background_color` varchar(255) DEFAULT NULL,
  `line_color` varchar(255) DEFAULT NULL,
  `name` varchar(255) DEFAULT NULL,
  PRIMARY KEY (`id`)
) ENGINE=InnoDB AUTO_INCREMENT=7 DEFAULT CHARSET=utf8mb4 COLLATE=utf8mb4_0900_ai_ci;
/*!40101 SET character_set_client = @saved_cs_client */;

--
-- Dumping data for table `category`
--

LOCK TABLES `category` WRITE;
/*!40000 ALTER TABLE `category` DISABLE KEYS */;
INSERT INTO `category` VALUES (1,'2024-01-23 18:11:12.000000','2024-01-23 18:11:14.000000','','','데이터베이스'),(2,'2024-01-23 18:11:12.000000','2024-01-23 18:11:12.000000','','','네트워크'),(3,'2024-01-23 18:11:12.000000','2024-01-23 18:11:12.000000','','','자료구조'),(4,'2024-01-23 18:11:12.000000','2024-01-23 18:11:12.000000','','','알고리즘'),(5,'2024-01-23 18:11:12.000000','2024-01-23 18:11:12.000000','','','컴퓨터구조'),(6,'2024-01-23 18:11:12.000000','2024-01-23 18:11:12.000000','','','운영체제');
/*!40000 ALTER TABLE `category` ENABLE KEYS */;
UNLOCK TABLES;

--
-- Table structure for table `factor`
--

DROP TABLE IF EXISTS `factor`;
/*!40101 SET @saved_cs_client     = @@character_set_client */;
/*!50503 SET character_set_client = utf8mb4 */;
CREATE TABLE `factor` (
  `id` int NOT NULL AUTO_INCREMENT,
  `quiz_interval` double DEFAULT NULL,
  `ef` double DEFAULT NULL,
  `card_quiz_id` int DEFAULT NULL,
  `member_id` int DEFAULT NULL,
  `created_at` datetime(6) DEFAULT NULL,
  `updated_at` datetime(6) DEFAULT NULL,
  PRIMARY KEY (`id`),
  KEY `FKCardQuizIdByFactor` (`card_quiz_id`),
  KEY `FKMemberIdByFactor` (`member_id`),
  CONSTRAINT `FKCardQuizIdByFactor` FOREIGN KEY (`card_quiz_id`) REFERENCES `card_quiz` (`id`),
  CONSTRAINT `FKMemberIdByFactor` FOREIGN KEY (`member_id`) REFERENCES `member` (`id`) ON DELETE CASCADE
) ENGINE=InnoDB AUTO_INCREMENT=466 DEFAULT CHARSET=utf8mb4 COLLATE=utf8mb4_0900_ai_ci;
/*!40101 SET character_set_client = @saved_cs_client */;

--
-- Dumping data for table `factor`
--

LOCK TABLES `factor` WRITE;
/*!40000 ALTER TABLE `factor` DISABLE KEYS */;
INSERT INTO `factor` VALUES (1,1,1.3,1,1,NULL,NULL),(2,1,1.3,2,1,NULL,NULL),(3,1,1.3,3,1,NULL,NULL),(4,2,1.4,4,1,NULL,NULL),(5,4,1.7,5,1,NULL,NULL),(6,1,1.3,6,1,NULL,NULL),(7,1,1.3,7,1,NULL,NULL),(8,1,1.3,8,1,NULL,NULL),(9,1,1.3,9,1,NULL,NULL),(10,1,1.3,10,1,NULL,NULL),(11,1,1.3,33,7,'2024-02-15 04:45:43.402430','2024-02-15 04:45:43.402430'),(12,1,1.3,34,7,'2024-02-15 04:45:43.442431','2024-02-15 04:45:43.442431'),(13,1,1.3,35,7,'2024-02-15 04:45:43.477778','2024-02-15 04:45:43.477778'),(14,1,1.3,36,7,'2024-02-15 04:45:43.512537','2024-02-15 04:45:43.512537'),(15,1,1.3,37,7,'2024-02-15 04:45:43.552594','2024-02-15 04:45:43.552594'),(16,1,1.3,38,7,'2024-02-15 04:45:43.589135','2024-02-15 04:45:43.589135'),(17,1,1.3,39,7,'2024-02-15 04:45:43.620507','2024-02-15 04:45:43.620507'),(18,1,1.3,30,7,'2024-02-15 04:45:43.653066','2024-02-15 04:45:43.653066'),(19,1,1.3,31,7,'2024-02-15 04:45:43.686266','2024-02-15 04:45:43.686266'),(20,1,1.3,32,7,'2024-02-15 04:45:43.717316','2024-02-15 04:45:43.717316'),(21,6,1.34,11,7,'2024-02-15 04:48:12.042337','2024-02-15 04:48:12.042337'),(22,6,1.34,12,7,'2024-02-15 04:48:15.078389','2024-02-15 04:48:15.078389'),(23,6,1.34,13,7,'2024-02-15 04:48:18.140561','2024-02-15 04:48:18.140561'),(24,6,1.34,14,7,'2024-02-15 04:48:22.094256','2024-02-15 04:48:22.094256'),(25,6,1.34,15,7,'2024-02-15 04:48:25.397482','2024-02-15 04:48:25.397482'),(26,6,1.34,16,7,'2024-02-15 04:48:28.966101','2024-02-15 04:48:28.966101'),(27,6,1.34,17,7,'2024-02-15 04:48:41.593011','2024-02-15 04:48:41.593011'),(28,6,1.34,18,7,'2024-02-15 04:48:47.259191','2024-02-15 04:48:47.259191'),(29,6,1.66,1,7,'2024-02-15 04:51:16.927176','2024-02-16 10:12:19.109192'),(30,20.1192,2.3800000000000003,2,7,'2024-02-15 04:51:16.973423','2024-02-16 10:24:00.031033'),(31,9.959999999999999,2.02,3,7,'2024-02-15 04:51:17.025240','2024-02-16 10:24:00.054965'),(32,89.86559999999997,2.5,4,7,'2024-02-15 04:51:17.165007','2024-02-16 10:24:00.077714'),(33,47.88369600000001,2.5,5,7,'2024-02-15 04:51:17.242164','2024-02-16 10:24:00.099612'),(34,20.1192,2.3800000000000003,6,7,'2024-02-15 04:51:17.286136','2024-02-16 10:24:00.122476'),(35,47.88369600000001,2.5,7,7,'2024-02-15 04:51:17.332068','2024-02-16 10:24:00.144884'),(36,20.1192,2.3800000000000003,8,7,'2024-02-15 04:51:17.363173','2024-02-16 10:24:00.169259'),(37,20.1192,2.3800000000000003,9,7,'2024-02-15 04:51:17.393291','2024-02-16 10:24:00.190161'),(38,20.1192,2.3800000000000003,10,7,'2024-02-15 04:51:17.426350','2024-02-16 10:24:00.210306'),(39,29.461679999999998,1.78,1,10,'2024-02-15 04:53:43.929384','2024-02-16 00:17:37.131489'),(40,29.461679999999998,1.78,2,10,'2024-02-15 04:53:43.961322','2024-02-16 00:17:38.970041'),(41,29.461679999999998,1.78,3,10,'2024-02-15 04:53:43.992289','2024-02-16 09:03:57.124854'),(42,41.445552,2.1,4,10,'2024-02-15 04:53:44.022497','2024-02-16 00:17:43.404331'),(43,29.461679999999998,1.78,5,10,'2024-02-15 04:53:44.056602','2024-02-16 09:04:03.953891'),(44,16.932,1.74,6,10,'2024-02-15 04:53:44.087419','2024-02-16 00:17:33.225587'),(45,34.45363199999999,1.92,7,10,'2024-02-15 04:53:44.116824','2024-02-16 00:17:40.776522'),(46,41.445552,2.1,8,10,'2024-02-15 04:53:44.144880','2024-02-16 00:17:54.774803'),(47,41.445552,2.1,9,10,'2024-02-15 04:53:44.172933','2024-02-16 00:18:06.754691'),(48,16.932,1.74,10,10,'2024-02-15 04:53:44.204387','2024-02-16 00:17:35.109532'),(49,6,1.48,1,11,'2024-02-15 04:53:59.067829','2024-02-15 04:53:59.067829'),(50,6,1.66,2,11,'2024-02-15 04:53:59.096773','2024-02-15 04:53:59.096773'),(51,6,1.66,3,11,'2024-02-15 04:53:59.125243','2024-02-15 04:53:59.125243'),(52,6,1.66,4,11,'2024-02-15 04:53:59.152693','2024-02-15 04:53:59.152693'),(53,6,1.66,5,11,'2024-02-15 04:53:59.185563','2024-02-15 04:53:59.185563'),(54,6,1.66,6,11,'2024-02-15 04:53:59.215523','2024-02-15 04:53:59.215523'),(55,6,1.66,7,11,'2024-02-15 04:53:59.244836','2024-02-15 04:53:59.244836'),(56,6,1.66,8,11,'2024-02-15 04:53:59.276329','2024-02-15 04:53:59.276329'),(57,1,1.3,9,11,'2024-02-15 04:53:59.300234','2024-02-15 04:53:59.300234'),(58,6,1.66,10,11,'2024-02-15 04:53:59.329874','2024-02-15 04:53:59.329874'),(59,1,1.3,46,11,'2024-02-15 04:56:42.620767','2024-02-15 04:56:42.620767'),(60,6,1.66,47,11,'2024-02-15 04:56:42.655100','2024-02-15 04:56:42.655100'),(61,6,1.66,48,11,'2024-02-15 04:56:42.680174','2024-02-15 04:56:42.680174'),(62,1,1.3,49,11,'2024-02-15 04:56:42.701501','2024-02-15 04:56:42.701501'),(63,1,1.3,50,11,'2024-02-15 04:56:42.722081','2024-02-15 04:56:42.722081'),(64,6,1.66,51,11,'2024-02-15 04:56:42.747576','2024-02-15 04:56:42.747576'),(65,6,1.66,42,11,'2024-02-15 04:56:42.771317','2024-02-15 04:56:42.771317'),(66,1,1.3,43,11,'2024-02-15 04:56:42.794976','2024-02-15 04:56:42.794976'),(67,1,1.3,44,11,'2024-02-15 04:56:42.816737','2024-02-15 04:56:42.816737'),(68,6,1.66,45,11,'2024-02-15 04:56:42.842178','2024-02-15 04:56:42.842178'),(69,1,1.3,71,11,'2024-02-15 04:58:11.072129','2024-02-15 04:58:11.072129'),(70,6,1.66,72,11,'2024-02-15 04:58:11.148502','2024-02-15 04:58:11.148502'),(71,6,1.66,73,11,'2024-02-15 04:58:11.189730','2024-02-15 04:58:11.189730'),(72,6,1.66,74,11,'2024-02-15 04:58:11.227838','2024-02-15 04:58:11.227838'),(73,6,1.66,65,11,'2024-02-15 04:58:11.264550','2024-02-15 04:58:11.264550'),(74,1,1.3,66,11,'2024-02-15 04:58:11.299330','2024-02-15 04:58:11.299330'),(75,1,1.3,67,11,'2024-02-15 04:58:11.332305','2024-02-15 04:58:11.332305'),(76,1,1.3,68,11,'2024-02-15 04:58:11.364129','2024-02-15 04:58:11.364129'),(77,1,1.3,69,11,'2024-02-15 04:58:11.394353','2024-02-15 04:58:11.394353'),(78,1,1.3,70,11,'2024-02-15 04:58:11.421040','2024-02-15 04:58:11.421040'),(79,6,1.34,11,11,'2024-02-15 04:59:25.005845','2024-02-15 04:59:25.005845'),(80,6,1.34,12,11,'2024-02-15 04:59:30.617000','2024-02-15 04:59:30.617000'),(81,6,1.34,13,11,'2024-02-15 04:59:37.071431','2024-02-15 04:59:37.071431'),(82,6,1.34,40,11,'2024-02-15 04:59:50.534980','2024-02-15 04:59:50.534980'),(83,1,1.3,46,14,'2024-02-15 05:01:00.744216','2024-02-15 05:01:00.744216'),(84,6,1.66,47,14,'2024-02-15 05:01:00.771121','2024-02-15 05:01:00.771121'),(85,1,1.3,48,14,'2024-02-15 05:01:00.792296','2024-02-15 05:01:00.792296'),(86,1,1.3,49,14,'2024-02-15 05:01:00.813963','2024-02-15 05:01:00.813963'),(87,6,1.66,50,14,'2024-02-15 05:01:00.841663','2024-02-15 05:01:00.841663'),(88,6,1.66,51,14,'2024-02-15 05:01:00.867873','2024-02-15 05:01:00.867873'),(89,1,1.3,42,14,'2024-02-15 05:01:00.890579','2024-02-15 05:01:00.890579'),(90,6,1.66,43,14,'2024-02-15 05:01:00.920939','2024-02-15 05:01:00.920939'),(91,1,1.3,44,14,'2024-02-15 05:01:00.949569','2024-02-15 05:01:00.949569'),(92,1,1.3,45,14,'2024-02-15 05:01:00.973520','2024-02-15 05:01:00.973520'),(93,6,1.66,1,12,'2024-02-15 14:52:30.337046','2024-02-15 14:52:30.337046'),(94,6,1.66,2,12,'2024-02-15 14:52:30.390252','2024-02-15 14:52:30.390252'),(95,6,1.66,3,12,'2024-02-15 14:52:30.432700','2024-02-15 14:52:30.432700'),(96,6,1.66,4,12,'2024-02-15 14:52:30.477180','2024-02-15 14:52:30.477180'),(97,6,1.66,5,12,'2024-02-15 14:52:30.520774','2024-02-15 14:52:30.520774'),(98,6,1.66,6,12,'2024-02-15 14:52:30.566954','2024-02-15 14:52:30.566954'),(99,6,1.66,7,12,'2024-02-15 14:52:30.608322','2024-02-15 14:52:30.608322'),(100,6,1.66,8,12,'2024-02-15 14:52:30.650645','2024-02-15 14:52:30.650645'),(101,6,1.66,9,12,'2024-02-15 14:52:30.687723','2024-02-15 14:52:30.687723'),(102,6,1.66,10,12,'2024-02-15 14:52:30.726143','2024-02-15 14:52:30.726143'),(103,47.88369600000001,2.5,1,15,'2024-02-15 14:57:29.126125','2024-02-16 10:10:19.791418'),(104,47.88369600000001,2.5,2,15,'2024-02-15 14:57:29.153715','2024-02-16 10:10:19.817523'),(105,47.88369600000001,2.5,3,15,'2024-02-15 14:57:29.179846','2024-02-16 10:10:19.846956'),(106,47.88369600000001,2.5,4,15,'2024-02-15 14:57:29.204026','2024-02-16 10:10:19.875722'),(107,47.88369600000001,2.5,5,15,'2024-02-15 14:57:29.228715','2024-02-16 10:10:19.902888'),(108,119.70924000000002,2.5,6,15,'2024-02-15 14:57:29.257032','2024-02-16 10:10:19.931123'),(109,47.88369600000001,2.5,7,15,'2024-02-15 14:57:29.280132','2024-02-16 10:10:19.959070'),(110,47.88369600000001,2.5,8,15,'2024-02-15 14:57:29.306291','2024-02-16 10:10:19.986224'),(111,20.1192,2.3800000000000003,9,15,'2024-02-15 14:57:29.334379','2024-02-16 10:06:36.764310'),(112,47.88369600000001,2.5,10,15,'2024-02-15 14:57:29.362628','2024-02-16 10:10:20.031451'),(113,6,1.34,55,13,'2024-02-15 15:03:32.079922','2024-02-15 15:03:32.079922'),(114,6,1.34,56,13,'2024-02-15 15:03:37.167936','2024-02-15 15:03:37.167936'),(115,6,1.34,58,13,'2024-02-15 15:03:41.838384','2024-02-15 15:03:41.838384'),(116,6,1.34,57,13,'2024-02-15 15:03:45.513902','2024-02-15 15:03:45.513902'),(117,6,1.34,59,13,'2024-02-15 15:03:49.505224','2024-02-15 15:03:49.505224'),(118,6,1.34,60,13,'2024-02-15 15:03:53.277907','2024-02-15 15:03:53.277907'),(119,8.040000000000001,1.7,61,13,'2024-02-15 15:03:56.899767','2024-02-15 15:06:06.779615'),(120,8.040000000000001,1.52,62,13,'2024-02-15 15:04:00.512450','2024-02-15 15:06:06.810585'),(121,6,1.34,63,13,'2024-02-15 15:04:04.530090','2024-02-15 15:04:04.530090'),(122,8.040000000000001,1.7,64,13,'2024-02-15 15:04:08.447468','2024-02-15 15:06:06.863036'),(123,13.668000000000001,2.06,1,13,'2024-02-15 15:11:32.068072','2024-02-16 10:37:09.891216'),(124,13.668000000000001,2.06,2,13,'2024-02-15 15:11:51.490740','2024-02-16 10:37:09.912233'),(125,6,1.66,1,16,'2024-02-15 15:12:31.117380','2024-02-15 15:12:31.117380'),(126,6,1.66,2,16,'2024-02-15 15:12:31.145988','2024-02-15 15:12:31.145988'),(127,6,1.66,3,16,'2024-02-15 15:12:31.177461','2024-02-15 15:12:31.177461'),(128,6,1.66,4,16,'2024-02-15 15:12:31.218618','2024-02-15 15:12:31.218618'),(129,6,1.66,5,16,'2024-02-15 15:12:31.248222','2024-02-15 15:12:31.248222'),(130,6,1.66,6,16,'2024-02-15 15:12:31.274759','2024-02-15 15:12:31.274759'),(131,6,1.66,7,16,'2024-02-15 15:12:31.303706','2024-02-15 15:12:31.303706'),(132,6,1.66,8,16,'2024-02-15 15:12:31.332514','2024-02-15 15:12:31.332514'),(133,6,1.66,9,16,'2024-02-15 15:12:31.361839','2024-02-15 15:12:31.361839'),(134,6,1.66,10,16,'2024-02-15 15:12:31.390496','2024-02-15 15:12:31.390496'),(135,9.959999999999999,2.02,1,17,'2024-02-15 15:15:50.836127','2024-02-16 10:15:01.872016'),(136,9.959999999999999,2.02,2,17,'2024-02-15 15:15:50.862844','2024-02-16 10:15:01.894782'),(137,9.959999999999999,2.02,3,17,'2024-02-15 15:15:50.890139','2024-02-16 10:15:01.918385'),(138,9.959999999999999,2.02,4,17,'2024-02-15 15:15:50.915583','2024-02-16 10:15:01.945184'),(139,9.959999999999999,2.02,5,17,'2024-02-15 15:15:50.942243','2024-02-16 10:15:01.970761'),(140,9.959999999999999,2.02,6,17,'2024-02-15 15:15:50.971147','2024-02-16 10:15:01.994358'),(141,9.959999999999999,2.02,7,17,'2024-02-15 15:15:50.998290','2024-02-16 10:15:02.018735'),(142,9.959999999999999,2.02,8,17,'2024-02-15 15:15:51.023984','2024-02-16 10:15:02.042264'),(143,9.959999999999999,2.02,9,17,'2024-02-15 15:15:51.050129','2024-02-16 10:15:02.065956'),(144,9.959999999999999,2.02,10,17,'2024-02-15 15:15:51.076605','2024-02-16 10:15:02.089709'),(155,6,1.66,1,20,'2024-02-15 15:26:01.175361','2024-02-15 15:26:01.175361'),(156,6,1.66,2,20,'2024-02-15 15:26:01.201263','2024-02-15 15:26:01.201263'),(157,6,1.66,3,20,'2024-02-15 15:26:01.226409','2024-02-15 15:26:01.226409'),(158,6,1.66,4,20,'2024-02-15 15:26:01.252843','2024-02-15 15:26:01.252843'),(159,6,1.66,5,20,'2024-02-15 15:26:01.287241','2024-02-15 15:26:01.287241'),(160,6,1.66,6,20,'2024-02-15 15:26:01.314827','2024-02-15 15:26:01.314827'),(161,6,1.66,7,20,'2024-02-15 15:26:01.341221','2024-02-15 15:26:01.341221'),(162,6,1.66,8,20,'2024-02-15 15:26:01.364515','2024-02-15 15:26:01.364515'),(163,6,1.66,9,20,'2024-02-15 15:26:01.389658','2024-02-15 15:26:01.389658'),(164,6,1.66,10,20,'2024-02-15 15:26:01.414392','2024-02-15 15:26:01.414392'),(165,6,1.34,11,14,'2024-02-15 15:29:53.509567','2024-02-15 15:29:53.509567'),(166,6,1.34,12,14,'2024-02-15 15:29:56.312129','2024-02-15 15:29:56.312129'),(167,6,1.34,13,14,'2024-02-15 15:29:59.225945','2024-02-15 15:29:59.225945'),(168,6,1.34,14,14,'2024-02-15 15:30:02.166544','2024-02-15 15:30:02.166544'),(169,6,1.34,15,14,'2024-02-15 15:30:05.240113','2024-02-15 15:30:05.240113'),(170,6,1.34,16,14,'2024-02-15 15:30:07.809445','2024-02-15 15:30:07.809445'),(171,6,1.34,17,14,'2024-02-15 15:30:10.592931','2024-02-15 15:30:10.592931'),(172,6,1.34,18,14,'2024-02-15 15:30:13.607898','2024-02-15 15:30:13.607898'),(173,6,1.34,19,14,'2024-02-15 15:30:16.640235','2024-02-15 15:30:16.640235'),(174,6,1.34,20,14,'2024-02-15 15:30:19.726672','2024-02-15 15:30:19.726672'),(185,6,1.66,71,13,'2024-02-15 16:33:08.623271','2024-02-15 16:33:08.623271'),(186,6,1.66,72,13,'2024-02-15 16:33:08.646671','2024-02-15 16:33:08.646671'),(187,6,1.66,73,13,'2024-02-15 16:33:08.667875','2024-02-15 16:33:08.667875'),(188,6,1.48,74,13,'2024-02-15 16:33:08.687664','2024-02-15 16:33:08.687664'),(189,6,1.66,65,13,'2024-02-15 16:33:08.708708','2024-02-15 16:33:08.708708'),(190,6,1.66,66,13,'2024-02-15 16:33:08.731512','2024-02-15 16:33:08.731512'),(191,6,1.66,67,13,'2024-02-15 16:33:08.753636','2024-02-15 16:33:08.753636'),(192,1,1.3,68,13,'2024-02-15 16:33:08.773238','2024-02-15 16:33:08.773238'),(193,1,1.3,69,13,'2024-02-15 16:33:08.788997','2024-02-15 16:33:08.788997'),(194,6,1.66,70,13,'2024-02-15 16:33:08.808885','2024-02-15 16:33:08.808885'),(195,6,1.34,11,13,'2024-02-15 16:33:35.042501','2024-02-15 16:33:35.042501'),(196,6,1.34,75,13,'2024-02-15 16:33:50.569391','2024-02-15 16:33:50.569391'),(197,6,1.34,76,13,'2024-02-15 16:33:53.821158','2024-02-15 16:33:53.821158'),(198,6,1.34,77,13,'2024-02-15 16:33:55.874798','2024-02-15 16:33:55.874798'),(199,9.959999999999999,2.02,3,13,'2024-02-15 16:34:51.164058','2024-02-16 10:37:09.932225'),(200,9.959999999999999,2.02,4,13,'2024-02-15 16:34:51.185537','2024-02-16 10:37:09.953914'),(201,9.959999999999999,2.02,5,13,'2024-02-15 16:34:51.208768','2024-02-16 10:37:09.975640'),(202,9.959999999999999,2.02,6,13,'2024-02-15 16:34:51.233945','2024-02-16 10:37:09.995692'),(203,9.959999999999999,2.02,7,13,'2024-02-15 16:34:51.256065','2024-02-16 10:37:10.017356'),(204,9.959999999999999,2.02,8,13,'2024-02-15 16:34:51.283859','2024-02-16 10:37:10.038762'),(205,20.1192,2.3800000000000003,9,13,'2024-02-15 16:34:51.310256','2024-02-16 10:37:10.062515'),(206,9.959999999999999,2.02,10,13,'2024-02-15 16:34:51.331923','2024-02-16 10:37:10.081872'),(207,9.959999999999999,1.7,1,24,'2024-02-15 21:09:56.538237','2024-02-15 21:27:09.776400'),(208,16.932,2.06,2,24,'2024-02-15 21:09:56.568015','2024-02-15 21:30:11.519854'),(209,16.932,2.06,3,24,'2024-02-15 21:09:56.596095','2024-02-15 21:30:11.545550'),(210,16.932,2.06,4,24,'2024-02-15 21:09:56.628158','2024-02-15 21:30:11.573944'),(211,16.932,2.06,5,24,'2024-02-15 21:09:56.659109','2024-02-15 21:30:11.601082'),(212,16.932,2.06,6,24,'2024-02-15 21:09:56.688750','2024-02-15 21:30:11.636750'),(213,16.932,2.06,7,24,'2024-02-15 21:09:56.730965','2024-02-15 21:30:11.662026'),(214,16.932,2.06,8,24,'2024-02-15 21:09:56.759836','2024-02-15 21:30:11.687650'),(215,9.959999999999999,1.7,9,24,'2024-02-15 21:09:56.790603','2024-02-15 21:28:20.136653'),(216,16.932,2.06,10,24,'2024-02-15 21:09:56.819915','2024-02-15 21:30:11.726856'),(217,6,1.34,55,24,'2024-02-15 21:19:07.475026','2024-02-15 21:19:07.475026'),(218,6,1.34,56,24,'2024-02-15 21:19:41.659708','2024-02-15 21:19:41.659708'),(219,6,1.34,42,24,'2024-02-15 21:21:32.495586','2024-02-15 21:21:32.495586'),(220,6,1.34,43,24,'2024-02-15 21:21:49.723758','2024-02-15 21:21:49.723758'),(221,8.040000000000001,1.52,44,24,'2024-02-15 21:21:52.084225','2024-02-15 21:25:40.359970'),(222,6,1.34,52,24,'2024-02-15 21:21:54.495286','2024-02-15 21:21:54.495286'),(223,6,1.34,53,24,'2024-02-15 21:21:57.018106','2024-02-15 21:21:57.018106'),(224,8.040000000000001,1.7,47,24,'2024-02-15 21:21:59.196417','2024-02-15 21:25:40.194592'),(225,6,1.34,54,24,'2024-02-15 21:22:01.459517','2024-02-15 21:22:01.459517'),(226,8.040000000000001,1.7,49,24,'2024-02-15 21:22:06.373280','2024-02-15 21:25:40.242366'),(227,8.040000000000001,1.7,50,24,'2024-02-15 21:22:10.732395','2024-02-15 21:25:40.270545'),(228,8.040000000000001,1.7,51,24,'2024-02-15 21:22:14.687281','2024-02-15 21:25:40.300371'),(229,1,1.3,46,24,'2024-02-15 21:25:40.169966','2024-02-15 21:25:40.169966'),(230,1,1.3,48,24,'2024-02-15 21:25:40.217722','2024-02-15 21:25:40.217722'),(231,6,1.66,45,24,'2024-02-15 21:25:40.386677','2024-02-15 21:25:40.386677'),(232,6,1.34,11,24,'2024-02-15 21:34:37.037636','2024-02-15 21:34:37.037636'),(233,6,1.34,12,24,'2024-02-15 21:34:47.139480','2024-02-15 21:34:47.139480'),(234,6,1.34,13,24,'2024-02-15 21:34:49.247319','2024-02-15 21:34:49.247319'),(235,6,1.34,40,24,'2024-02-15 21:35:12.451739','2024-02-15 21:35:12.451739'),(236,6,1.34,39,24,'2024-02-15 21:35:24.723230','2024-02-15 21:35:24.723230'),(237,6,1.34,31,24,'2024-02-15 21:35:26.800763','2024-02-15 21:35:26.800763'),(238,6,1.34,36,24,'2024-02-15 21:35:28.853403','2024-02-15 21:35:28.853403'),(239,6,1.34,41,24,'2024-02-15 21:35:30.781533','2024-02-15 21:35:30.781533'),(240,6,1.34,35,24,'2024-02-15 21:35:32.815134','2024-02-15 21:35:32.815134'),(241,6,1.34,32,24,'2024-02-15 21:35:34.795526','2024-02-15 21:35:34.795526'),(242,6,1.34,34,24,'2024-02-15 21:35:36.915451','2024-02-15 21:35:36.915451'),(243,6,1.34,38,24,'2024-02-15 21:35:39.034873','2024-02-15 21:35:39.034873'),(244,6,1.34,37,24,'2024-02-15 21:35:41.178875','2024-02-15 21:35:41.178875'),(245,6,1.66,22,24,'2024-02-15 21:39:04.876835','2024-02-15 21:39:04.876835'),(246,1,1.3,23,24,'2024-02-15 21:39:04.899480','2024-02-15 21:39:04.899480'),(247,6,1.66,24,24,'2024-02-15 21:39:04.924853','2024-02-15 21:39:04.924853'),(248,6,1.66,26,24,'2024-02-15 21:39:04.949618','2024-02-15 21:39:04.949618'),(249,6,1.66,16,24,'2024-02-15 21:39:04.974214','2024-02-15 21:39:04.974214'),(250,6,1.66,27,24,'2024-02-15 21:39:04.997530','2024-02-15 21:39:04.997530'),(251,6,1.66,17,24,'2024-02-15 21:39:05.020397','2024-02-15 21:39:05.020397'),(252,6,1.66,28,24,'2024-02-15 21:39:05.049729','2024-02-15 21:39:05.049729'),(253,6,1.66,29,24,'2024-02-15 21:39:05.072636','2024-02-15 21:39:05.072636'),(254,1,1.3,20,24,'2024-02-15 21:39:05.093063','2024-02-15 21:39:05.093063'),(255,6,1.34,11,25,'2024-02-16 00:32:52.003837','2024-02-16 00:32:52.003837'),(256,6,1.34,12,25,'2024-02-16 00:32:54.585283','2024-02-16 00:32:54.585283'),(257,6,1.34,13,25,'2024-02-16 00:32:56.836133','2024-02-16 00:32:56.836133'),(258,6,1.34,14,25,'2024-02-16 00:32:59.302169','2024-02-16 00:32:59.302169'),(259,6,1.34,15,25,'2024-02-16 00:33:02.187127','2024-02-16 00:33:02.187127'),(260,6,1.34,16,25,'2024-02-16 00:33:04.968840','2024-02-16 00:33:04.968840'),(261,6,1.34,17,25,'2024-02-16 00:33:07.234990','2024-02-16 00:33:07.234990'),(262,6,1.34,18,25,'2024-02-16 00:33:09.635314','2024-02-16 00:33:09.635314'),(263,6,1.34,19,25,'2024-02-16 00:33:12.002830','2024-02-16 00:33:12.002830'),(264,6,1.34,20,25,'2024-02-16 00:33:17.101850','2024-02-16 00:33:17.101850'),(265,6,1.34,42,25,'2024-02-16 00:33:42.804717','2024-02-16 00:33:42.804717'),(266,6,1.66,1,26,'2024-02-16 00:39:09.990470','2024-02-16 03:36:01.059330'),(267,6,1.66,2,26,'2024-02-16 00:39:10.013246','2024-02-16 03:36:01.089490'),(268,6,1.66,3,26,'2024-02-16 00:39:10.035182','2024-02-16 03:36:01.119101'),(269,20.1192,2.3800000000000003,4,26,'2024-02-16 00:39:10.059479','2024-02-16 03:36:01.145408'),(270,16.339199999999998,2.1999999999999997,5,26,'2024-02-16 00:39:10.087197','2024-02-16 03:51:10.397818'),(271,20.1192,2.3800000000000003,6,26,'2024-02-16 00:39:10.115873','2024-02-16 03:36:01.190549'),(272,9.959999999999999,2.02,7,26,'2024-02-16 00:39:10.144136','2024-02-16 03:36:01.212862'),(273,6,1.66,8,26,'2024-02-16 00:39:10.171914','2024-02-16 03:36:01.237147'),(274,9.959999999999999,2.02,9,26,'2024-02-16 00:39:10.194482','2024-02-16 03:36:01.266282'),(275,9.959999999999999,2.02,10,26,'2024-02-16 00:39:10.224707','2024-02-16 03:36:01.287106'),(276,6,1.34,1,27,'2024-02-16 02:18:48.093342','2024-02-16 02:18:48.093342'),(277,6,1.34,2,27,'2024-02-16 02:18:50.742176','2024-02-16 02:18:50.742176'),(278,8.040000000000001,1.7,3,27,'2024-02-16 02:18:53.354517','2024-02-16 02:20:14.378411'),(279,1,1.3,4,27,'2024-02-16 02:20:14.419261','2024-02-16 02:20:14.419261'),(280,1,1.3,5,27,'2024-02-16 02:20:14.453513','2024-02-16 02:20:14.453513'),(281,1,1.3,6,27,'2024-02-16 02:20:14.493030','2024-02-16 02:20:14.493030'),(282,9.959999999999999,2.02,7,27,'2024-02-16 02:20:14.538111','2024-02-16 02:20:14.538111'),(283,6,1.66,8,27,'2024-02-16 02:20:14.584200','2024-02-16 02:20:14.584200'),(284,1,1.3,9,27,'2024-02-16 02:20:14.623672','2024-02-16 02:20:14.623672'),(285,1,1.3,10,27,'2024-02-16 02:20:14.658652','2024-02-16 02:20:14.658652'),(286,6,1.34,66,28,'2024-02-16 02:35:34.835636','2024-02-16 02:35:34.835636'),(287,6,1.34,75,28,'2024-02-16 02:35:44.768908','2024-02-16 02:35:44.768908'),(288,8.040000000000001,1.7,65,28,'2024-02-16 02:35:51.887351','2024-02-16 02:42:24.667707'),(289,8.040000000000001,1.7,72,28,'2024-02-16 02:36:04.086479','2024-02-16 02:42:24.584098'),(290,11.095200000000002,1.74,74,28,'2024-02-16 02:36:11.520644','2024-02-16 02:42:24.639378'),(291,6,1.34,76,28,'2024-02-16 02:36:31.136061','2024-02-16 02:36:31.136061'),(292,8.040000000000001,1.7,71,28,'2024-02-16 02:36:40.304391','2024-02-16 02:42:24.556468'),(293,6,1.34,77,28,'2024-02-16 02:36:46.938673','2024-02-16 02:36:46.938673'),(294,6,1.34,78,28,'2024-02-16 02:36:52.436190','2024-02-16 02:36:52.436190'),(295,8.040000000000001,1.7,73,28,'2024-02-16 02:36:59.022870','2024-02-16 02:42:24.610697'),(296,1,1.3,67,28,'2024-02-16 02:42:24.714024','2024-02-16 02:42:24.714024'),(297,6,1.66,68,28,'2024-02-16 02:42:24.744784','2024-02-16 02:42:24.744784'),(298,1,1.3,69,28,'2024-02-16 02:42:24.770434','2024-02-16 02:42:24.770434'),(299,1,1.3,70,28,'2024-02-16 02:42:24.799352','2024-02-16 02:42:24.799352'),(300,6,1.66,46,28,'2024-02-16 02:43:43.565201','2024-02-16 02:43:43.565201'),(301,6,1.66,47,28,'2024-02-16 02:43:43.592658','2024-02-16 02:43:43.592658'),(302,1,1.3,48,28,'2024-02-16 02:43:43.615690','2024-02-16 02:43:43.615690'),(303,6,1.66,49,28,'2024-02-16 02:43:43.639611','2024-02-16 02:43:43.639611'),(304,6,1.66,50,28,'2024-02-16 02:43:43.666673','2024-02-16 02:43:43.666673'),(305,6,1.66,51,28,'2024-02-16 02:43:43.694330','2024-02-16 02:43:43.694330'),(306,6,1.66,42,28,'2024-02-16 02:43:43.721652','2024-02-16 02:43:43.721652'),(307,6,1.66,43,28,'2024-02-16 02:43:43.750464','2024-02-16 02:43:43.750464'),(308,1,1.3,44,28,'2024-02-16 02:43:43.774481','2024-02-16 02:43:43.774481'),(309,6,1.66,45,28,'2024-02-16 02:43:43.800048','2024-02-16 02:43:43.800048'),(310,1,1.3,46,26,'2024-02-16 02:56:19.249138','2024-02-16 02:56:19.249138'),(311,9.959999999999999,2.02,47,26,'2024-02-16 02:56:19.274270','2024-02-16 03:09:27.830198'),(312,6,1.48,48,26,'2024-02-16 02:56:19.298574','2024-02-16 03:51:45.236593'),(313,6,1.66,49,26,'2024-02-16 02:56:19.322556','2024-02-16 03:18:19.752300'),(314,9.959999999999999,2.02,50,26,'2024-02-16 02:56:19.347662','2024-02-16 03:37:08.966842'),(315,9.959999999999999,2.02,51,26,'2024-02-16 02:56:19.370055','2024-02-16 03:37:08.987535'),(316,1,1.3,42,26,'2024-02-16 02:56:19.392117','2024-02-16 02:56:19.392117'),(317,9.959999999999999,2.02,43,26,'2024-02-16 02:56:19.420101','2024-02-16 03:51:45.315956'),(318,6,1.66,44,26,'2024-02-16 02:56:19.445943','2024-02-16 03:09:27.968381'),(319,6,1.66,45,26,'2024-02-16 02:56:19.470808','2024-02-16 02:56:19.470808'),(320,6,1.66,22,26,'2024-02-16 02:57:28.103980','2024-02-16 02:57:28.103980'),(321,1,1.3,23,26,'2024-02-16 02:57:28.123928','2024-02-16 02:57:28.123928'),(322,6,1.34,12,26,'2024-02-16 02:57:28.141173','2024-02-16 03:01:40.557023'),(323,1,1.3,25,26,'2024-02-16 02:57:28.163883','2024-02-16 02:57:28.163883'),(324,1,1.3,14,26,'2024-02-16 02:57:28.184526','2024-02-16 02:57:28.184526'),(325,6,1.66,26,26,'2024-02-16 02:57:28.205891','2024-02-16 02:57:28.205891'),(326,6,1.66,27,26,'2024-02-16 02:57:28.229397','2024-02-16 02:57:28.229397'),(327,1,1.3,17,26,'2024-02-16 02:57:28.250408','2024-02-16 02:57:28.250408'),(328,1,1.3,18,26,'2024-02-16 02:57:28.269281','2024-02-16 02:57:28.269281'),(329,6,1.66,19,26,'2024-02-16 02:57:28.288892','2024-02-16 03:52:39.258875'),(330,1,1.3,33,26,'2024-02-16 02:58:26.288449','2024-02-16 02:58:26.288449'),(331,1,1.3,34,26,'2024-02-16 02:58:26.307524','2024-02-16 02:58:26.307524'),(332,20.1192,2.3800000000000003,35,26,'2024-02-16 02:58:26.331247','2024-02-16 03:54:08.804318'),(333,20.1192,2.3800000000000003,36,26,'2024-02-16 02:58:26.357121','2024-02-16 03:54:08.824107'),(334,1,1.3,37,26,'2024-02-16 02:58:26.378591','2024-02-16 02:58:26.378591'),(335,6,1.66,38,26,'2024-02-16 02:58:26.399998','2024-02-16 03:54:08.856693'),(336,9.959999999999999,2.02,39,26,'2024-02-16 02:58:26.421406','2024-02-16 03:54:08.882273'),(337,1,1.3,30,26,'2024-02-16 02:58:26.442554','2024-02-16 02:58:26.442554'),(338,20.1192,2.3800000000000003,31,26,'2024-02-16 02:58:26.468383','2024-02-16 03:54:08.912738'),(339,1,1.3,32,26,'2024-02-16 02:58:26.491613','2024-02-16 02:58:26.491613'),(340,9.959999999999999,2.02,71,26,'2024-02-16 02:59:01.211569','2024-02-16 03:42:23.828432'),(341,20.1192,2.3800000000000003,72,26,'2024-02-16 02:59:01.234937','2024-02-16 03:54:44.158319'),(342,9.959999999999999,2.02,73,26,'2024-02-16 02:59:01.255482','2024-02-16 03:21:34.992107'),(343,9.959999999999999,2.02,74,26,'2024-02-16 02:59:01.279436','2024-02-16 03:42:23.880342'),(344,1,1.3,65,26,'2024-02-16 02:59:01.301502','2024-02-16 02:59:01.301502'),(345,9.959999999999999,2.02,66,26,'2024-02-16 02:59:01.324242','2024-02-16 03:54:44.208646'),(346,20.1192,2.3800000000000003,67,26,'2024-02-16 02:59:01.344540','2024-02-16 03:54:44.227439'),(347,20.1192,2.3800000000000003,68,26,'2024-02-16 02:59:01.365190','2024-02-16 03:54:44.247777'),(348,9.959999999999999,2.02,69,26,'2024-02-16 02:59:01.391418','2024-02-16 03:54:44.265743'),(349,20.1192,2.3800000000000003,70,26,'2024-02-16 02:59:01.417796','2024-02-16 03:54:44.283121'),(350,6,1.66,60,26,'2024-02-16 03:00:15.892708','2024-02-16 03:11:23.456930'),(351,6,1.48,61,26,'2024-02-16 03:00:15.912795','2024-02-16 03:42:57.802519'),(352,1,1.3,62,26,'2024-02-16 03:00:15.933363','2024-02-16 03:00:15.933363'),(353,6,1.48,63,26,'2024-02-16 03:00:15.954810','2024-02-16 03:42:57.838382'),(354,1,1.3,64,26,'2024-02-16 03:00:15.983493','2024-02-16 03:00:15.983493'),(355,6,1.34,55,26,'2024-02-16 03:00:16.008809','2024-02-16 03:02:02.802954'),(356,6,1.34,56,26,'2024-02-16 03:00:16.030549','2024-02-16 03:02:05.072257'),(357,8.040000000000001,1.7,57,26,'2024-02-16 03:00:16.054305','2024-02-16 03:56:53.365245'),(358,8.040000000000001,1.7,58,26,'2024-02-16 03:00:16.077807','2024-02-16 03:56:53.392575'),(359,13.668000000000001,2.06,59,26,'2024-02-16 03:00:16.100413','2024-02-16 03:56:53.419639'),(360,6,1.34,11,26,'2024-02-16 03:01:38.682745','2024-02-16 03:01:38.682745'),(361,6,1.34,13,26,'2024-02-16 03:01:44.331393','2024-02-16 03:01:44.331393'),(362,6,1.66,15,26,'2024-02-16 03:13:16.233235','2024-02-16 03:13:16.233235'),(363,9.959999999999999,2.02,16,26,'2024-02-16 03:13:16.256373','2024-02-16 03:52:39.202344'),(364,6,1.48,28,26,'2024-02-16 03:13:16.296269','2024-02-16 03:13:16.296269'),(365,6,1.48,21,26,'2024-02-16 03:13:16.345087','2024-02-16 03:38:02.939109'),(366,6,1.66,24,26,'2024-02-16 03:19:57.707298','2024-02-16 03:52:39.166591'),(367,1,1.3,20,26,'2024-02-16 03:19:57.808693','2024-02-16 03:19:57.808693'),(368,6,1.66,29,26,'2024-02-16 03:38:02.905519','2024-02-16 03:38:02.905519'),(369,1,1.3,1,29,'2024-02-16 04:09:20.490222','2024-02-16 04:09:20.490222'),(370,6,1.66,2,29,'2024-02-16 04:09:20.508775','2024-02-16 04:37:11.145410'),(371,9.959999999999999,2.02,3,29,'2024-02-16 04:09:20.530831','2024-02-16 04:37:11.173501'),(372,9.959999999999999,2.02,4,29,'2024-02-16 04:09:20.554472','2024-02-16 04:37:11.192971'),(373,9.959999999999999,2.02,5,29,'2024-02-16 04:09:20.578796','2024-02-16 04:37:11.210457'),(374,6,1.66,6,29,'2024-02-16 04:09:20.602781','2024-02-16 04:09:20.602781'),(375,9.959999999999999,1.8399999999999999,7,29,'2024-02-16 04:09:20.627241','2024-02-16 04:37:11.242966'),(376,9.959999999999999,2.02,8,29,'2024-02-16 04:09:20.650029','2024-02-16 04:37:11.264386'),(377,6,1.66,9,29,'2024-02-16 04:09:20.678785','2024-02-16 04:37:11.284409'),(378,6,1.66,10,29,'2024-02-16 04:09:20.698432','2024-02-16 04:09:20.698432'),(379,1,1.3,46,29,'2024-02-16 04:30:16.269889','2024-02-16 04:30:16.269889'),(380,9.959999999999999,2.02,47,29,'2024-02-16 04:30:16.293008','2024-02-16 04:37:40.564905'),(381,1,1.3,48,29,'2024-02-16 04:30:16.312529','2024-02-16 04:30:16.312529'),(382,6,1.66,49,29,'2024-02-16 04:30:16.337241','2024-02-16 04:30:16.337241'),(383,9.959999999999999,2.02,50,29,'2024-02-16 04:30:16.358108','2024-02-16 04:37:40.606425'),(384,1,1.3,51,29,'2024-02-16 04:30:16.381045','2024-02-16 04:30:16.381045'),(385,6,1.66,42,29,'2024-02-16 04:30:16.402956','2024-02-16 04:30:16.402956'),(386,1,1.3,43,29,'2024-02-16 04:30:16.423270','2024-02-16 04:30:16.423270'),(387,1,1.3,44,29,'2024-02-16 04:30:16.442435','2024-02-16 04:30:16.442435'),(388,6,1.66,45,29,'2024-02-16 04:30:16.463974','2024-02-16 04:30:16.463974'),(389,6,1.48,12,29,'2024-02-16 04:32:23.908167','2024-02-16 04:32:23.908167'),(390,1,1.3,13,29,'2024-02-16 04:32:23.929517','2024-02-16 04:32:23.929517'),(391,9.959999999999999,2.02,15,29,'2024-02-16 04:32:23.947767','2024-02-16 04:38:56.036536'),(392,6,1.66,16,29,'2024-02-16 04:32:23.969328','2024-02-16 04:38:56.056120'),(393,1,1.3,17,29,'2024-02-16 04:32:23.988324','2024-02-16 04:32:23.988324'),(394,6,1.48,28,29,'2024-02-16 04:32:24.007990','2024-02-16 04:32:24.007990'),(395,6,1.66,29,29,'2024-02-16 04:32:24.030242','2024-02-16 04:32:24.030242'),(396,6,1.66,19,29,'2024-02-16 04:32:24.052728','2024-02-16 04:32:24.052728'),(397,1,1.3,20,29,'2024-02-16 04:32:24.072137','2024-02-16 04:32:24.072137'),(398,6,1.66,21,29,'2024-02-16 04:32:24.091958','2024-02-16 04:32:24.091958'),(399,1,1.3,33,29,'2024-02-16 04:33:01.575294','2024-02-16 04:33:01.575294'),(400,1,1.3,34,29,'2024-02-16 04:33:01.593336','2024-02-16 04:33:01.593336'),(401,9.959999999999999,2.02,35,29,'2024-02-16 04:33:01.615471','2024-02-16 04:39:32.384255'),(402,1,1.3,36,29,'2024-02-16 04:33:01.636519','2024-02-16 04:33:01.636519'),(403,1,1.3,37,29,'2024-02-16 04:33:01.653556','2024-02-16 04:33:01.653556'),(404,1,1.3,38,29,'2024-02-16 04:33:01.669864','2024-02-16 04:33:01.669864'),(405,9.959999999999999,2.02,39,29,'2024-02-16 04:33:01.689266','2024-02-16 04:39:32.436103'),(406,1,1.3,30,29,'2024-02-16 04:33:01.708959','2024-02-16 04:33:01.708959'),(407,1,1.3,31,29,'2024-02-16 04:33:01.727657','2024-02-16 04:33:01.727657'),(408,6,1.66,32,29,'2024-02-16 04:33:01.748701','2024-02-16 04:39:32.480843'),(409,6,1.66,71,29,'2024-02-16 04:33:36.221067','2024-02-16 04:33:36.221067'),(410,9.959999999999999,2.02,72,29,'2024-02-16 04:33:36.242501','2024-02-16 04:40:06.953360'),(411,9.959999999999999,2.02,73,29,'2024-02-16 04:33:36.260937','2024-02-16 04:40:06.972853'),(412,6,1.66,74,29,'2024-02-16 04:33:36.280263','2024-02-16 04:40:06.991896'),(413,9.959999999999999,2.02,65,29,'2024-02-16 04:33:36.301018','2024-02-16 04:40:07.013349'),(414,6,1.66,66,29,'2024-02-16 04:33:36.321351','2024-02-16 04:33:36.321351'),(415,9.959999999999999,2.02,67,29,'2024-02-16 04:33:36.341602','2024-02-16 04:40:07.045788'),(416,9.959999999999999,2.02,68,29,'2024-02-16 04:33:36.361233','2024-02-16 04:40:07.063552'),(417,6,1.66,69,29,'2024-02-16 04:33:36.384871','2024-02-16 04:40:07.083624'),(418,6,1.66,70,29,'2024-02-16 04:33:36.402529','2024-02-16 04:40:07.113210'),(419,6,1.48,60,29,'2024-02-16 04:34:06.032033','2024-02-16 04:40:41.376541'),(420,1,1.3,61,29,'2024-02-16 04:34:06.047577','2024-02-16 04:34:06.047577'),(421,1,1.3,62,29,'2024-02-16 04:34:06.063195','2024-02-16 04:34:06.063195'),(422,6,1.66,63,29,'2024-02-16 04:34:06.084924','2024-02-16 04:34:06.084924'),(423,6,1.66,64,29,'2024-02-16 04:34:06.105845','2024-02-16 04:34:06.105845'),(424,6,1.34,55,29,'2024-02-16 04:34:06.124624','2024-02-16 04:35:37.591233'),(425,6,1.34,56,29,'2024-02-16 04:34:06.142330','2024-02-16 04:35:40.674226'),(426,1,1.3,57,29,'2024-02-16 04:34:06.157626','2024-02-16 04:34:06.157626'),(427,6,1.34,58,29,'2024-02-16 04:34:06.175858','2024-02-16 04:35:43.457403'),(428,1,1.3,59,29,'2024-02-16 04:34:06.192836','2024-02-16 04:34:06.192836'),(429,6,1.66,22,29,'2024-02-16 04:38:55.911361','2024-02-16 04:38:55.911361'),(430,1,1.3,23,29,'2024-02-16 04:38:55.930278','2024-02-16 04:38:55.930278'),(431,1,1.3,24,29,'2024-02-16 04:38:55.945066','2024-02-16 04:38:55.945066'),(432,1,1.3,25,29,'2024-02-16 04:38:55.972922','2024-02-16 04:38:55.972922'),(433,6,1.48,14,29,'2024-02-16 04:38:55.992661','2024-02-16 04:38:55.992661'),(434,6,1.66,26,29,'2024-02-16 04:38:56.016312','2024-02-16 04:38:56.016312'),(435,1,1.3,18,29,'2024-02-16 04:38:56.080984','2024-02-16 04:38:56.080984'),(456,6,1.66,1,34,'2024-02-16 10:29:24.553034','2024-02-16 10:29:24.553034'),(457,6,1.66,2,34,'2024-02-16 10:29:24.574642','2024-02-16 10:29:24.574642'),(458,6,1.66,3,34,'2024-02-16 10:29:24.597621','2024-02-16 10:29:24.597621'),(459,6,1.66,4,34,'2024-02-16 10:29:24.618355','2024-02-16 10:29:24.618355'),(460,6,1.66,5,34,'2024-02-16 10:29:24.642036','2024-02-16 10:29:24.642036'),(461,6,1.66,6,34,'2024-02-16 10:29:24.666738','2024-02-16 10:29:24.666738'),(462,6,1.66,7,34,'2024-02-16 10:29:24.690602','2024-02-16 10:29:24.690602'),(463,6,1.66,8,34,'2024-02-16 10:29:24.714134','2024-02-16 10:29:24.714134'),(464,6,1.66,9,34,'2024-02-16 10:29:24.736344','2024-02-16 10:29:24.736344'),(465,6,1.66,10,34,'2024-02-16 10:29:24.760982','2024-02-16 10:29:24.760982');
/*!40000 ALTER TABLE `factor` ENABLE KEYS */;
UNLOCK TABLES;

--
-- Table structure for table `favorite`
--

DROP TABLE IF EXISTS `favorite`;
/*!40101 SET @saved_cs_client     = @@character_set_client */;
/*!50503 SET character_set_client = utf8mb4 */;
CREATE TABLE `favorite` (
  `id` int NOT NULL AUTO_INCREMENT,
  `created_at` datetime(6) DEFAULT NULL,
  `updated_at` datetime(6) DEFAULT NULL,
  `flashcard_id` int DEFAULT NULL,
  `member_id` int DEFAULT NULL,
  PRIMARY KEY (`id`),
  KEY `FK5w3q9ljpthkixo71hetx3ired` (`member_id`),
  KEY `FKmkk70saas31yfxmcmjw9tclyb` (`flashcard_id`),
  CONSTRAINT `FK5w3q9ljpthkixo71hetx3ired` FOREIGN KEY (`member_id`) REFERENCES `member` (`id`) ON DELETE CASCADE,
  CONSTRAINT `FKmkk70saas31yfxmcmjw9tclyb` FOREIGN KEY (`flashcard_id`) REFERENCES `flashcard` (`id`) ON DELETE CASCADE
) ENGINE=InnoDB AUTO_INCREMENT=62 DEFAULT CHARSET=utf8mb4 COLLATE=utf8mb4_0900_ai_ci;
/*!40101 SET character_set_client = @saved_cs_client */;

--
-- Dumping data for table `favorite`
--

LOCK TABLES `favorite` WRITE;
/*!40000 ALTER TABLE `favorite` DISABLE KEYS */;
INSERT INTO `favorite` VALUES (6,'2024-02-15 04:48:09.873350','2024-02-15 04:48:09.873350',31,7),(7,'2024-02-15 04:48:14.339317','2024-02-15 04:48:14.339317',32,7),(8,'2024-02-15 04:48:17.420604','2024-02-15 04:48:17.420604',33,7),(9,'2024-02-15 04:48:20.685862','2024-02-15 04:48:20.685862',34,7),(10,'2024-02-15 04:48:24.330479','2024-02-15 04:48:24.330479',35,7),(11,'2024-02-15 04:48:27.529437','2024-02-15 04:48:27.529437',36,7),(12,'2024-02-15 04:48:32.325728','2024-02-15 04:48:32.325728',37,7),(13,'2024-02-15 04:48:43.715682','2024-02-15 04:48:43.715682',38,7),(14,'2024-02-15 04:59:32.200722','2024-02-15 04:59:32.200722',11,1),(15,'2024-02-15 04:59:43.621584','2024-02-15 04:59:43.621584',1,1),(16,'2024-02-15 04:59:49.109579','2024-02-15 04:59:49.109579',11,11),(17,'2024-02-15 15:03:36.231695','2024-02-15 15:03:36.231695',52,13),(18,'2024-02-15 15:03:41.456463','2024-02-15 15:03:41.456463',53,13),(19,'2024-02-15 15:03:44.653018','2024-02-15 15:03:44.653018',54,13),(20,'2024-02-15 15:03:47.686027','2024-02-15 15:03:47.686027',55,13),(21,'2024-02-15 15:03:51.436649','2024-02-15 15:03:51.436649',56,13),(22,'2024-02-15 15:03:56.273575','2024-02-15 15:03:56.273575',57,13),(23,'2024-02-15 15:03:59.518401','2024-02-15 15:03:59.518401',58,13),(24,'2024-02-15 15:04:02.824044','2024-02-15 15:04:02.824044',59,13),(25,'2024-02-15 15:04:07.935563','2024-02-15 15:04:07.935563',60,13),(26,'2024-02-15 15:11:13.962961','2024-02-15 15:11:13.962961',1,13),(27,'2024-02-15 15:11:35.720729','2024-02-15 15:11:35.720729',2,13),(28,'2024-02-15 15:29:07.038347','2024-02-15 15:29:07.038347',3,13),(30,'2024-02-15 15:29:55.842462','2024-02-15 15:29:55.842462',32,14),(31,'2024-02-15 15:29:58.578814','2024-02-15 15:29:58.578814',33,14),(32,'2024-02-15 15:30:01.591452','2024-02-15 15:30:01.591452',34,14),(33,'2024-02-15 15:30:04.677029','2024-02-15 15:30:04.677029',35,14),(34,'2024-02-15 15:30:07.199415','2024-02-15 15:30:07.199415',36,14),(35,'2024-02-15 15:30:10.021132','2024-02-15 15:30:10.021132',37,14),(36,'2024-02-15 15:30:12.845378','2024-02-15 15:30:12.845378',38,14),(37,'2024-02-15 15:30:16.046124','2024-02-15 15:30:16.046124',39,14),(38,'2024-02-15 15:30:18.915475','2024-02-15 15:30:18.915475',40,14),(40,'2024-02-15 16:33:33.665155','2024-02-15 16:33:33.665155',31,13),(41,'2024-02-15 21:19:06.751756','2024-02-15 21:19:06.751756',51,24),(42,'2024-02-15 21:19:10.437973','2024-02-15 21:19:10.437973',52,24),(44,'2024-02-16 00:04:34.177109','2024-02-16 00:04:34.177109',2,10),(45,'2024-02-16 02:35:33.771228','2024-02-16 02:35:33.771228',41,28),(46,'2024-02-16 02:35:55.494341','2024-02-16 02:35:55.494341',44,28),(47,'2024-02-16 02:36:43.569715','2024-02-16 02:36:43.569715',48,28),(48,'2024-02-16 03:01:37.531361','2024-02-16 03:01:37.531361',31,26),(50,'2024-02-16 03:01:46.297671','2024-02-16 03:01:46.297671',34,26),(51,'2024-02-16 03:02:02.038698','2024-02-16 03:02:02.038698',51,26),(52,'2024-02-16 03:02:07.362459','2024-02-16 03:02:07.362459',53,26),(53,'2024-02-16 03:02:10.038204','2024-02-16 03:02:10.038204',54,26),(54,'2024-02-16 03:02:13.439885','2024-02-16 03:02:13.439885',55,26),(55,'2024-02-16 04:35:36.565342','2024-02-16 04:35:36.565342',51,29),(56,'2024-02-16 04:35:40.033941','2024-02-16 04:35:40.033941',52,29),(57,'2024-02-16 04:35:42.866626','2024-02-16 04:35:42.866626',53,29),(58,'2024-02-16 04:35:45.301823','2024-02-16 04:35:45.301823',54,29),(59,'2024-02-16 09:04:02.978348','2024-02-16 09:04:02.978348',5,10);
/*!40000 ALTER TABLE `favorite` ENABLE KEYS */;
UNLOCK TABLES;

--
-- Table structure for table `flashcard`
--

DROP TABLE IF EXISTS `flashcard`;
/*!40101 SET @saved_cs_client     = @@character_set_client */;
/*!50503 SET character_set_client = utf8mb4 */;
CREATE TABLE `flashcard` (
  `id` int NOT NULL AUTO_INCREMENT,
  `created_at` datetime(6) DEFAULT NULL,
  `updated_at` datetime(6) DEFAULT NULL,
  `keyword` varchar(255) DEFAULT NULL,
  `category_id` int DEFAULT NULL,
  PRIMARY KEY (`id`),
  KEY `FKey4x0mi4bmbnhu01om7b06dl2` (`category_id`),
  CONSTRAINT `FKey4x0mi4bmbnhu01om7b06dl2` FOREIGN KEY (`category_id`) REFERENCES `category` (`id`)
) ENGINE=InnoDB AUTO_INCREMENT=61 DEFAULT CHARSET=utf8mb4 COLLATE=utf8mb4_0900_ai_ci;
/*!40101 SET character_set_client = @saved_cs_client */;

--
-- Dumping data for table `flashcard`
--

LOCK TABLES `flashcard` WRITE;
/*!40000 ALTER TABLE `flashcard` DISABLE KEYS */;
INSERT INTO `flashcard` VALUES (1,'2024-02-15 13:25:08.000000','2024-02-15 13:25:08.000000','기본키 (Primary Key)',1),(2,'2024-02-15 13:25:08.000000','2024-02-15 13:25:08.000000','테이블 (Table)',1),(3,'2024-02-15 13:25:08.000000','2024-02-15 13:25:08.000000','외래 키 (Foreign Key)',1),(4,'2024-02-15 13:25:08.000000','2024-02-15 13:25:08.000000','인덱스 (Index)',1),(5,'2024-02-15 13:25:08.000000','2024-02-15 13:25:08.000000','트랜잭션 (Transaction)',1),(6,'2024-02-15 13:25:08.000000','2024-02-15 13:25:08.000000','스키마 (Schema)',1),(7,'2024-02-15 13:25:08.000000','2024-02-15 13:25:08.000000','정규화 (Normalization)',1),(8,'2024-02-15 13:25:08.000000','2024-02-15 13:25:08.000000','뷰 (View)',1),(9,'2024-02-15 13:25:08.000000','2024-02-15 13:25:08.000000','SQL; Structured Query Language',1),(10,'2024-02-15 13:25:08.000000','2024-02-15 13:25:08.000000','트리거 (Trigger)',1),(11,'2024-02-15 13:25:08.000000','2024-02-15 13:25:08.000000','중앙처리장치 (CPU; Central Processing Unit)',5),(12,'2024-02-15 13:25:08.000000','2024-02-15 13:25:08.000000','메모리 (Memory)',5),(13,'2024-02-15 13:25:08.000000','2024-02-15 13:25:08.000000','시스템 버스 (System Bus)',5),(14,'2024-02-15 13:25:08.000000','2024-02-15 13:25:08.000000','레지스터 (Register)',5),(15,'2024-02-15 13:25:08.000000','2024-02-15 13:25:08.000000','명령어 세트 (Instruction Set)',5),(16,'2024-02-15 13:25:08.000000','2024-02-15 13:25:08.000000','파이프라인 (Pipeline)',5),(17,'2024-02-15 13:25:08.000000','2024-02-15 13:25:08.000000','캐시 (Cache)',5),(18,'2024-02-15 13:25:08.000000','2024-02-15 13:25:08.000000','시스템 클럭 (System Clock)',5),(19,'2024-02-15 13:25:08.000000','2024-02-15 13:25:08.000000','인터럽트 (Interrupt)',5),(20,'2024-02-15 13:25:08.000000','2024-02-15 13:25:08.000000','펌웨어 (Firmware)',5),(21,'2024-02-15 13:25:08.000000','2024-02-15 13:25:08.000000','버블 소트 (Bubble Sort)',4),(22,'2024-02-15 13:25:08.000000','2024-02-15 13:25:08.000000','동적 계획법 (다이나믹 프로그래밍)',4),(23,'2024-02-15 13:25:08.000000','2024-02-15 13:25:08.000000','크루스칼 알고리즘 (Kruskal Algorithm)',4),(24,'2024-02-15 13:25:08.000000','2024-02-15 13:25:08.000000','비트 연산자',4),(25,'2024-02-15 13:25:08.000000','2024-02-15 13:25:08.000000','이진 탐색 트리 (Binary Search Tree)의 삭제 연산',4),(26,'2024-02-15 13:25:08.000000','2024-02-15 13:25:08.000000','인접 행렬',4),(27,'2024-02-15 13:25:08.000000','2024-02-15 13:25:08.000000','다익스트라 (Dijkstra Algorithm)',4),(28,'2024-02-15 13:25:08.000000','2024-02-15 13:25:08.000000','해시 함수 (Hash Function)',4),(29,'2024-02-15 13:25:08.000000','2024-02-15 13:25:08.000000','이진 탐색 (Binary Search)',4),(30,'2024-02-15 13:25:08.000000','2024-02-15 13:25:08.000000','깊이 우선 탐색 (DFS / Depth First Search)',4),(31,'2024-02-15 13:25:08.000000','2024-02-15 13:25:08.000000','라우터 (Router)',2),(32,'2024-02-15 13:25:08.000000','2024-02-15 13:25:08.000000','방화벽 (Firewall)',2),(33,'2024-02-15 13:25:08.000000','2024-02-15 13:25:08.000000','서버 (Server)',2),(34,'2024-02-15 13:25:08.000000','2024-02-15 13:25:08.000000','와이파이 (Wi-Fi; Wireless Fidelity)',2),(35,'2024-02-15 13:25:08.000000','2024-02-15 13:25:08.000000','시큐어 셸 (SSH; Secure SHell)',2),(36,'2024-02-15 13:25:08.000000','2024-02-15 13:25:08.000000','전송 제어 프로토콜 (TCP; Transmission Control Protocol)',2),(37,'2024-02-15 13:25:08.000000','2024-02-15 13:25:08.000000','인터넷 프로토콜 (IP; Internet Protocol)',2),(38,'2024-02-15 13:25:08.000000','2024-02-15 13:25:08.000000','게이트웨이 (Gateway)',2),(39,'2024-02-15 13:25:08.000000','2024-02-15 13:25:08.000000','MAC주소 (MAC; MAC address)',2),(40,'2024-02-15 13:25:08.000000','2024-02-15 13:25:08.000000','브리지 (Bridge)',2),(41,'2024-02-15 13:25:08.000000','2024-02-15 13:25:08.000000','배열 (Array)',3),(42,'2024-02-15 13:25:08.000000','2024-02-15 13:25:08.000000','연결 리스트 (Linked List)',3),(43,'2024-02-15 13:25:08.000000','2024-02-15 13:25:08.000000','스택 (Stack)',3),(44,'2024-02-15 13:25:08.000000','2024-02-15 13:25:08.000000','큐 (Queue)',3),(45,'2024-02-15 13:25:08.000000','2024-02-15 13:25:08.000000','그래프 (Graph)',3),(46,'2024-02-15 13:25:08.000000','2024-02-15 13:25:08.000000','트리 (Tree)',3),(47,'2024-02-15 13:25:08.000000','2024-02-15 13:25:08.000000','힙 (Heap)',3),(48,'2024-02-15 13:25:08.000000','2024-02-15 13:25:08.000000','우선순위 큐 (Priority Queue)',3),(49,'2024-02-15 13:25:08.000000','2024-02-15 13:25:08.000000','맵 (Map)',3),(50,'2024-02-15 13:25:08.000000','2024-02-15 13:25:08.000000','셋 (Set)',3),(51,'2024-02-15 13:25:08.000000','2024-02-15 13:25:08.000000','다중 작업 (Multi Tasking)',6),(52,'2024-02-15 13:25:08.000000','2024-02-15 13:25:08.000000','메모리 맵 파일 (Memory Mapped File)',6),(53,'2024-02-15 13:25:08.000000','2024-02-15 13:25:08.000000','파일 시스템 (File System)',6),(54,'2024-02-15 13:25:08.000000','2024-02-15 13:25:08.000000','스케줄링 (Scheduling)',6),(55,'2024-02-15 13:25:08.000000','2024-02-15 13:25:08.000000','셸 (Shell)',6),(56,'2024-02-15 13:25:08.000000','2024-02-15 13:25:08.000000','뮤텍스 (Mutex)',6),(57,'2024-02-15 13:25:08.000000','2024-02-15 13:25:08.000000','커널 (Kernel)',6),(58,'2024-02-15 13:25:08.000000','2024-02-15 13:25:08.000000','세마포어 (Semaphore)',6),(59,'2024-02-15 13:25:08.000000','2024-02-15 13:25:08.000000','페이징 (Paging)',6),(60,'2024-02-15 13:25:08.000000','2024-02-15 13:25:08.000000','캐시 메모리 (Cache Memory)',6);
/*!40000 ALTER TABLE `flashcard` ENABLE KEYS */;
UNLOCK TABLES;

--
-- Table structure for table `flashcard_content`
--

DROP TABLE IF EXISTS `flashcard_content`;
/*!40101 SET @saved_cs_client     = @@character_set_client */;
/*!50503 SET character_set_client = utf8mb4 */;
CREATE TABLE `flashcard_content` (
  `id` int NOT NULL AUTO_INCREMENT,
  `created_at` datetime(6) DEFAULT NULL,
  `updated_at` datetime(6) DEFAULT NULL,
  `content` varchar(255) DEFAULT NULL,
  `flashcard_id` int DEFAULT NULL,
  PRIMARY KEY (`id`),
  KEY `FKeyFlashcardContent` (`flashcard_id`),
  CONSTRAINT `FKeyFlashcardContent` FOREIGN KEY (`flashcard_id`) REFERENCES `flashcard` (`id`)
) ENGINE=InnoDB AUTO_INCREMENT=136 DEFAULT CHARSET=utf8mb4 COLLATE=utf8mb4_0900_ai_ci;
/*!40101 SET character_set_client = @saved_cs_client */;

--
-- Dumping data for table `flashcard_content`
--

LOCK TABLES `flashcard_content` WRITE;
/*!40000 ALTER TABLE `flashcard_content` DISABLE KEYS */;
INSERT INTO `flashcard_content` VALUES (1,'2024-02-15 13:25:08.000000','2024-02-15 13:25:08.000000','관계형 데이터베이스에서 조(레코드)의 식별자로 이용하기에 가장 적합한 것을 관계 (테이블)마다 단 한 설계자에 의해 선택, 정의된 후보 키',1),(2,'2024-02-15 13:25:08.000000','2024-02-15 13:25:08.000000','행과 열의 형식으로 보관된 관련 데이터의 모음',2),(3,'2024-02-15 13:25:08.000000','2024-02-15 13:25:08.000000','지정된 수의 열이 있지만 행 수에는 제한이 없음',2),(4,'2024-02-15 13:25:08.000000','2024-02-15 13:25:08.000000','한 테이블의 필드(attribute) 중 다른 테이블의 행(row)을 식별할 수 있는 키',3),(5,'2024-02-15 13:25:08.000000','2024-02-15 13:25:08.000000','다른 테이블의 기본 키를 참조하여 두 테이블을 연결하는 테이블의 속성 집합',3),(6,'2024-02-15 13:25:08.000000','2024-02-15 13:25:08.000000','테이블에 대한 동작의 속도를 높여주는 자료 구조',4),(7,'2024-02-15 13:25:08.000000','2024-02-15 13:25:08.000000','테이블의 모든 행을 검색할 필요 없이 데이터를 빠르게 찾는 데 사용',4),(8,'2024-02-15 13:25:08.000000','2024-02-15 13:25:08.000000','데이터베이스 내에서 수행되는 작업 단위',5),(9,'2024-02-15 13:25:08.000000','2024-02-15 13:25:08.000000','각각의 트랜잭션에 대해 원자성(Atomicity), 일관성(Consistency), 독립성(Isolation), 영구성(Durability)을 보장',5),(10,'2024-02-15 13:25:08.000000','2024-02-15 13:25:08.000000','데이터베이스에서 자료의 구조, 자료의 표현 방법, 자료 간의 관계를 형식 언어로 정의한 구조',6),(11,'2024-02-15 13:25:08.000000','2024-02-15 13:25:08.000000','데이터베이스의 데이터 구성을 나타냄',6),(12,'2024-02-15 13:25:08.000000','2024-02-15 13:25:08.000000','관계형 데이터베이스의 설계에서 중복을 최소화하게 데이터를 구조화하는 프로세스',7),(13,'2024-02-15 13:25:08.000000','2024-02-15 13:25:08.000000','정규화란 크고, 제대로 조직되지 않은 테이블들과 관계들을 작고 잘 조직된 테이블과 관계들로 나누는 것',7),(14,'2024-02-15 13:25:08.000000','2024-02-15 13:25:08.000000','기본 테이블로부터 파생하여 만든 가상의 테이블',8),(15,'2024-02-15 13:25:08.000000','2024-02-15 13:25:08.000000','실제 테이블과 달리 데이터 자체를 포함하고 있는 것은 아님',8),(16,'2024-02-15 13:25:08.000000','2024-02-15 13:25:08.000000','관계형 데이터베이스 관리 시스템(RDBMS)의 데이터를 관리하기 위해 설계한 특수 목적의 프로그래밍 언어',9),(17,'2024-02-15 13:25:08.000000','2024-02-15 13:25:08.000000','데이터 쿼리, 데이터 조작(insert, update, and delete), 데이터 정의(스키마 생성 및 수정), 데이터 액세스 제어가 포함',9),(18,'2024-02-15 13:25:08.000000','2024-02-15 13:25:08.000000','테이블에 대한 이벤트에 반응해 자동으로 실행되는 작업',10),(19,'2024-02-15 13:25:08.000000','2024-02-15 13:25:08.000000','데이터 작업 제한, 작업 기록, 변경 작업 감사 등을 할 수 있음',10),(20,'2024-02-15 13:25:08.000000','2024-02-15 13:25:08.000000','컴퓨터의 뇌로서, 프로그램에서 명령어를 해석하고 실행하는 핵심 부품',11),(21,'2024-02-15 13:25:08.000000','2024-02-15 13:25:08.000000','제어 유닛은 명령어를 해독하고 실행하는 역할을 하며, 산술 논리 연산 장치(ALU)는 산술 연산과 논리 연산을 수행',11),(22,'2024-02-15 13:25:08.000000','2024-02-15 13:25:08.000000','레지스터는 매우 빠른 속도로 데이터를 저장하고 처리하는데 사용',11),(23,'2024-02-15 13:25:08.000000','2024-02-15 13:25:08.000000','데이터와 명령을 저장하는 공간',12),(24,'2024-02-15 13:25:08.000000','2024-02-15 13:25:08.000000','주 기억장치(RAM)는 현재 실행 중인 프로그램과 데이터를 저장하며, 보조 기억장치(하드 디스크, SSD)는 영구적인 데이터 저장을 담당',12),(25,'2024-02-15 13:25:08.000000','2024-02-15 13:25:08.000000','캐시도 메모리의 일종으로, 빠른 데이터 접근을 위해 사용',12),(26,'2024-02-15 13:25:08.000000','2024-02-15 13:25:08.000000','CPU, 메모리, 그리고 입출력 장치 등 각 구성 요소 간에 데이터, 주소, 제어 신호를 전송하는 통로',13),(27,'2024-02-15 13:25:08.000000','2024-02-15 13:25:08.000000','주소 버스는 메모리 위치를 지정하고, 데이터 버스는 실제 데이터를 전송하며, 제어 버스는 명령과 상태 정보를 전송',13),(28,'2024-02-15 13:25:08.000000','2024-02-15 13:25:08.000000','CPU 내부에 위치한 소량의 고속 기억장치',14),(29,'2024-02-15 13:25:08.000000','2024-02-15 13:25:08.000000','현재 수행 중인 명령어나 연산에 필요한 데이터를 일시적으로 저장',14),(30,'2024-02-15 13:25:08.000000','2024-02-15 13:25:08.000000','레지스터는 ALU에서의 계산에 필수적이며, 레지스터의 크기와 수는 CPU의 성능에 영향을 미침',14),(31,'2024-02-15 13:25:08.000000','2024-02-15 13:25:08.000000','CPU가 이해하고 실행하는 명령어의 집합',15),(32,'2024-02-15 13:25:08.000000','2024-02-15 13:25:08.000000','각 명령어는 특정한 동작을 수행하며, 이러한 명령어들을 조합하여 프로그램이 동작',15),(33,'2024-02-15 13:25:08.000000','2024-02-15 13:25:08.000000','명령어 처리를 여러 단계로 분할하여 병렬적으로 실행하는 구조',16),(34,'2024-02-15 13:25:08.000000','2024-02-15 13:25:08.000000','이를 통해 여러 명령어가 동시에 처리되어 CPU의 성능이 향상',16),(35,'2024-02-15 13:25:08.000000','2024-02-15 13:25:08.000000','빠른 속도로 접근 가능한 작은 용량의 메모리',17),(36,'2024-02-15 13:25:08.000000','2024-02-15 13:25:08.000000','CPU가 자주 사용하는 데이터를 일시적으로 저장하여 메인 메모리에 접근하는 속도를 향상',17),(37,'2024-02-15 13:25:08.000000','2024-02-15 13:25:08.000000','주로 L1, L2, L3 캐시로 구성',17),(38,'2024-02-15 13:25:08.000000','2024-02-15 13:25:08.000000','전체 시스템의 동기화를 담당하는 신호',18),(39,'2024-02-15 13:25:08.000000','2024-02-15 13:25:08.000000','CPU와 다른 시스템 구성 요소의 동작 주기를 조절',18),(40,'2024-02-15 13:25:08.000000','2024-02-15 13:25:08.000000','클럭 주파수가 높을수록 더 빠른 연산이 가능',18),(41,'2024-02-15 13:25:08.000000','2024-02-15 13:25:08.000000','CPU가 현재 수행 중인 작업을 중단하고 외부 이벤트에 대응하는 메커니즘',19),(42,'2024-02-15 13:25:08.000000','2024-02-15 13:25:08.000000','하드웨어나 소프트웨어에서 발생할 수 있으며, 시스템의 효율적인 동작과 응답성을 보장',19),(43,'2024-02-15 13:25:08.000000','2024-02-15 13:25:08.000000','내장된 소프트웨어로, 하드웨어 초기화, 부팅, 기본 시스템 설정 및 제어를 담당',20),(44,'2024-02-15 13:25:08.000000','2024-02-15 13:25:08.000000','주로 ROM 또는 플래시 메모리에 저장되며, 시스템의 안정성과 동작을 지원',20),(45,'2024-02-15 13:25:08.000000','2024-02-15 13:25:08.000000','펌웨어는 업데이트 가능하며, 제조사가 제공하는 업데이트로 기능 확장 가능',20),(46,'2024-02-15 13:25:08.000000','2024-02-15 13:25:08.000000','인접한 두 원소를 비교하면서 필요에 따라 서로 위치를 교환하는 방식',21),(47,'2024-02-15 13:25:08.000000','2024-02-15 13:25:08.000000','가장 큰(또는 작은) 원소가 맨 끝으로 이동할 때까지 이 비교와 교환 과정을 반복',21),(48,'2024-02-15 13:25:08.000000','2024-02-15 13:25:08.000000','단순하고 이해하기 쉽지만, 정렬해야 하는 원소의 수가 많아질수록 비효율적이며 다른 정렬 알고리즘들보다 느린 성능',21),(49,'2024-02-15 13:25:08.000000','2024-02-15 13:25:08.000000','작은 부분 문제들을 풀고, 그 결과를 저장하여 중복 계산을 피하며 최적화하는 알고리즘 기법',22),(50,'2024-02-15 13:25:08.000000','2024-02-15 13:25:08.000000','중복된 계산을 피하기 위해 메모이제이션(Memoization) 또는 테이블을 사용하는 방법으로 구현',22),(51,'2024-02-15 13:25:08.000000','2024-02-15 13:25:08.000000','그래프의 모든 노드를 최소 비용으로 연결하는 최소 비용 신장 트리(Minimum Spanning Tree)를 찾기 위한 알고리즘 중 하나',23),(52,'2024-02-15 13:25:08.000000','2024-02-15 13:25:08.000000','가중치가 가장 작은 간선부터 선택하여 사이클을 피해가며 최소 비용 신장 트리를 구성',23),(53,'2024-02-15 13:25:08.000000','2024-02-15 13:25:08.000000','컴퓨터에서 이진수로 표현된 데이터의 각 비트에 대한 연산을 수행하는 데 사용되는 연산자',24),(54,'2024-02-15 13:25:08.000000','2024-02-15 13:25:08.000000','주요 비트 연산자로는 AND(&), OR(|), XOR(^), NOT(~) 등이 있다.',24),(55,'2024-02-15 13:25:08.000000','2024-02-15 13:25:08.000000','비트 연산은 주로 플래그 조작, 데이터 압축, 네트워크 프로토콜에서의 특정 비트 필드 조작 등 활용',24),(56,'2024-02-15 13:25:08.000000','2024-02-15 13:25:08.000000','a << n : a x 2ⁿ',24),(57,'2024-02-15 13:25:08.000000','2024-02-15 13:25:08.000000','a >> n : a / 2ⁿ',24),(58,'2024-02-15 13:25:08.000000','2024-02-15 13:25:08.000000','예시 : (16 << 1) == 32',24),(59,'2024-02-15 13:25:08.000000','2024-02-15 13:25:08.000000','이진 탐색 트리 : 각 노드가 최대 두 개의 자식을 가지며, 왼쪽 자식은 현재 노드보다 작은 값을, 오른쪽 자식은 현재 노드보다 큰 값을 가지는 이진 트리의 특별한 형태',25),(60,'2024-02-15 13:25:08.000000','2024-02-15 13:25:08.000000','단말 노드 삭제 : 해당 노드를 삭제',25),(61,'2024-02-15 13:25:08.000000','2024-02-15 13:25:08.000000','자식이 하나인 노드 삭제 : 해당 노드 삭제 후 자식 노드로 대체',25),(62,'2024-02-15 13:25:08.000000','2024-02-15 13:25:08.000000','자식이 둘인 노드 삭제 : 해당 노드 삭제 후 오른쪽 서브트리에서 가장 작은 노드 또는 왼쪽 서브트리에서 가장 큰 노드로 대체',25),(63,'2024-02-15 13:25:08.000000','2024-02-15 13:25:08.000000','그래프 이론에서 사용되는 표현 방법 중 하나로, 노드들 간의 연결 관계를 행렬로 나타내는 방식',26),(64,'2024-02-15 13:25:08.000000','2024-02-15 13:25:08.000000','간단하게 구현할 수 있고, 노드 간의 연결 여부를 상수 시간 내에 확인할 수 있지만, 그래프의 크기가 크면 메모리 사용량이 증가',26),(65,'2024-02-15 13:25:08.000000','2024-02-15 13:25:08.000000','그래프에서 하나의 출발 노드로부터 모든 다른 노드까지의 최단 경로를 찾기 위한 알고리즘',27),(66,'2024-02-15 13:25:08.000000','2024-02-15 13:25:08.000000','음의 가중치를 가지지 않는 그래프에서 사용',27),(67,'2024-02-15 13:25:08.000000','2024-02-15 13:25:08.000000','주로 우선순위 큐(Priority Queue)를 사용',27),(68,'2024-02-15 13:25:08.000000','2024-02-15 13:25:08.000000','임의의 크기의 데이터를 고정된 크기의 값으로 매핑하는 함수',28),(69,'2024-02-15 13:25:08.000000','2024-02-15 13:25:08.000000','해시 테이블, 해시 맵 등에서 사용되며, 데이터의 검색, 저장, 식별을 빠르게 하기 위해 활용',28),(70,'2024-02-15 13:25:08.000000','2024-02-15 13:25:08.000000','정렬된 배열이나 리스트에서 주어진 데이터와 찾고자 하는 값을 비교하면서 탐색 범위를 반으로 줄여가며 효율적으로 원소를 찾아내는 방법',29),(71,'2024-02-15 13:25:08.000000','2024-02-15 13:25:08.000000','각 단계에서 탐색 범위가 절반으로 줄어들기 때문에 시간 복잡도가 O(log n)',29),(72,'2024-02-15 13:25:08.000000','2024-02-15 13:25:08.000000','그래프나 트리와 같은 자료 구조에서 모든 노드를 탐색하고자 할 때 사용되는 알고리즘 중 하나',30),(73,'2024-02-15 13:25:08.000000','2024-02-15 13:25:08.000000','현재 노드에서 시작하여 다음 분기로 넘어가기 전에 해당 분기를 완전히 탐색하는 방법',30),(74,'2024-02-15 13:25:08.000000','2024-02-15 13:25:08.000000','DFS는 스택을 이용하기 때문에 재귀 호출이나 명시적인 스택을 사용하여 구현',30),(75,'2024-02-15 13:25:08.000000','2024-02-15 13:25:08.000000','두 개의 네트워크를 연결하여 통신할 수 있게 해주는 장치',31),(77,'2024-02-15 13:25:08.000000','2024-02-15 13:25:08.000000','네트워크에서 특정한 서비스에 대한 접근 권한을 부여하거나 거부하는 보안 기술',32),(79,'2024-02-15 13:25:08.000000','2024-02-15 13:25:08.000000','네트워크에서 여러 컴퓨터가 동시에 공유할 수 있는 자원이나 정보를 관리하는 시스템',33),(80,'2024-02-15 13:25:08.000000','2024-02-15 13:25:08.000000','클라이언트에게 서비스나 데이터를 제공하는 중심 장치',33),(82,'2024-02-15 13:25:08.000000','2024-02-15 13:25:08.000000','무선 네트워크에서 사용되는 기술',34),(83,'2024-02-15 13:25:08.000000','2024-02-15 13:25:08.000000','근거리 통신을 위한 무선 통신 규약',34),(84,'2024-02-15 13:25:08.000000','2024-02-15 13:25:08.000000','네트워크에서 사용자가 다른 컴퓨터에 접속할 때 사용하는 프로토콜',35),(85,'2024-02-15 13:25:08.000000','2024-02-15 13:25:08.000000','원격으로 다른 컴퓨터에 로그인하고 명령을 실행하는 보안 프로토콜',35),(86,'2024-02-15 13:25:08.000000','2024-02-15 13:25:08.000000','네트워크에서 사용되는 통신 규약',36),(87,'2024-02-15 13:25:08.000000','2024-02-15 13:25:08.000000','전송 계층에서 데이터의 신뢰성을 보장하는 프로토콜',36),(88,'2024-02-15 13:25:08.000000','2024-02-15 13:25:08.000000','인터넷에서 사용되는 통신 규약',37),(89,'2024-02-15 13:25:08.000000','2024-02-15 13:25:08.000000','전송 계층에서 데이터를 패킷으로 분할하여 전송하는 프로토콜',37),(90,'2024-02-15 13:25:08.000000','2024-02-15 13:25:08.000000','데이터의 경로를 결정하고 패킷을 목적지까지 전달하는 역할',37),(91,'2024-02-15 13:25:08.000000','2024-02-15 13:25:08.000000','컴퓨터 네트워크에서 서로 다른 네트워크를 연결하여 통신할 수 있게 하는 장치',38),(92,'2024-02-15 13:25:08.000000','2024-02-15 13:25:08.000000','서로 다른 네트워크 간의 통신을 중계하고 연결하는 역할',38),(93,'2024-02-15 13:25:08.000000','2024-02-15 13:25:08.000000','두 개의 네트워크를 연결하여 통신할 수 있게 해주는 장치',39),(94,'2024-02-15 13:25:08.000000','2024-02-15 13:25:08.000000','네트워크 인터페이스 카드에 할당된 고유한 식별자',39),(95,'2024-02-15 13:25:08.000000','2024-02-15 13:25:08.000000','네트워크에서 서로 다른 네트워크 간에 통신을 중계하고 연결하는 역할을 하는 장치',40),(96,'2024-02-15 13:25:08.000000','2024-02-15 13:25:08.000000','같은 타입의 데이터를 모아 관리하기 위해 사용하는 데이터 타입',41),(97,'2024-02-15 13:25:08.000000','2024-02-15 13:25:08.000000','인덱스를 가지고, 인덱스로 접근이 가능한 순차적으로 구성된 자료구조',41),(98,'2024-02-15 13:25:08.000000','2024-02-15 13:25:08.000000','각 노드가 데이터와 포인터를 가지고 한 줄로 연결된 방식으로 데이터를 저장하는 자료구조',42),(99,'2024-02-15 13:25:08.000000','2024-02-15 13:25:08.000000','배열과 다르게 메모리에 순차적으로 배치되어 있지 않음',42),(100,'2024-02-15 13:25:08.000000','2024-02-15 13:25:08.000000','후입선출(LIFO)의 구조를 가지는 자료구조',43),(101,'2024-02-15 13:25:08.000000','2024-02-15 13:25:08.000000','정해진 방향으로만 접근이 가능하고, 스택의 맨 위에서만 연산 수행 가능',43),(102,'2024-02-15 13:25:08.000000','2024-02-15 13:25:08.000000','선입선출의 구조를 가지는 자료구조',44),(103,'2024-02-15 13:25:08.000000','2024-02-15 13:25:08.000000','큐의 맨 앞에서만 데이터를 뺄 수 있고, 큐의 뒤로만 데이터를 넣을 수 있음',44),(104,'2024-02-15 13:25:08.000000','2024-02-15 13:25:08.000000','노드와 그 노드를 연결하는 간선을 하나로 모아놓은 자료구조',45),(105,'2024-02-15 13:25:08.000000','2024-02-15 13:25:08.000000','인접 리스트, 인접 행렬의 방식으로 구현 가능',45),(106,'2024-02-15 13:25:08.000000','2024-02-15 13:25:08.000000','사이클이 없이 모든 정점이 연결되어있는 그래프의 일종',46),(107,'2024-02-15 13:25:08.000000','2024-02-15 13:25:08.000000','루트 노드가 있으며 노드 간 부모-자식 관계가 있음',46),(108,'2024-02-15 13:25:08.000000','2024-02-15 13:25:08.000000','최댓값과 최솟값을 빠르게 찾기 위해 고안된 완전 이진 트리의 형태로 만들어진 자료구조',47),(109,'2024-02-15 13:25:08.000000','2024-02-15 13:25:08.000000','부모와 자식 간의 명확한 대소 관계를 파악할 수 있음. 단, 형제 사이에서는 불가능',47),(110,'2024-02-15 13:25:08.000000','2024-02-15 13:25:08.000000','우선순위를 가지고 있는 데이터들의 집합.',48),(111,'2024-02-15 13:25:08.000000','2024-02-15 13:25:08.000000','우선 순위에 따라 데이터가 처리됨',48),(112,'2024-02-15 13:25:08.000000','2024-02-15 13:25:08.000000','Key-value의 쌍으로 이루어진 자료구조',49),(113,'2024-02-15 13:25:08.000000','2024-02-15 13:25:08.000000','기본적으로 데이터를 순차적으로 다루지 않음',49),(114,'2024-02-15 13:25:08.000000','2024-02-15 13:25:08.000000','중복을 허용하지 않는 자료 구조',50),(115,'2024-02-15 13:25:08.000000','2024-02-15 13:25:08.000000','원소 간 순서가 없기 때문에, 인덱스로 접근 불가',50),(116,'2024-02-15 13:25:08.000000','2024-02-15 13:25:08.000000','운영체제에서 여러 응용 프로그램이 동시에 실행할 수 있게 해주는 기능',51),(117,'2024-02-15 13:25:08.000000','2024-02-15 13:25:08.000000','중앙처리장치와 같은 공용 자원을 나누어 사용하여 기능을 제공한다.',51),(118,'2024-02-15 13:25:08.000000','2024-02-15 13:25:08.000000','프로세스 간의 통신을 위한 메커니즘 중 하나로, 특정한 공유 메모리 영역을 만들어 데이터를 공유하는 기술',52),(119,'2024-02-15 13:25:08.000000','2024-02-15 13:25:08.000000','프로세스의 가상 메모리 주소 공간에 파일을 매핑 한 뒤 가상 메모리 주소에 직접 접근하는 것',52),(120,'2024-02-15 13:25:08.000000','2024-02-15 13:25:08.000000','데이터를 저장하고 검색하기 위한 파일과 디렉토리의 조직 체계를 관리하는 시스템 소프트웨어',53),(121,'2024-02-15 13:25:08.000000','2024-02-15 13:25:08.000000','하드 디스크, SSD 등의 보조 기억 장치에 파일을 저장하고 관리하는 것',53),(122,'2024-02-15 13:25:08.000000','2024-02-15 13:25:08.000000','운영체제에서 실행 중인 프로그램을 효율적으로 관리하고, 필요에 따라 중단하거나 다시 시작하는 기능',54),(123,'2024-02-15 13:25:08.000000','2024-02-15 13:25:08.000000','자원을 최대한 공평하게 배분하여 최적화하기 위한 기법',54),(124,'2024-02-15 13:25:08.000000','2024-02-15 13:25:08.000000','사용자가 운영체제와 상호작용하기 위한 텍스트 또는 그래픽 기반의 인터페이스를 제공하는 소프트웨어',55),(125,'2024-02-15 13:25:08.000000','2024-02-15 13:25:08.000000','명령어 해석기라고도 부르며 윈도우의 cmd, linux/unix의 bash가 대표적인 예',55),(126,'2024-02-15 13:25:08.000000','2024-02-15 13:25:08.000000','상호 배제를 위한 동기화 도구로, 공유 자원에 대한 동시 접근을 제어하여 여러 프로세스 또는 쓰레드 간의 데이터 일관성을 보장',56),(127,'2024-02-15 13:25:08.000000','2024-02-15 13:25:08.000000','임계구역을 가진 스레드들의 실행시간이 상호배제 되도록 하는 기술',56),(128,'2024-02-15 13:25:08.000000','2024-02-15 13:25:08.000000','운영체제에서 하드웨어와 소프트웨어 간의 인터페이스 역할을 하는 중요한 계층',57),(129,'2024-02-15 13:25:08.000000','2024-02-15 13:25:08.000000','운영체제의 90%를 차지하는 핵심부분',57),(130,'2024-02-15 13:25:08.000000','2024-02-15 13:25:08.000000','프로세스 간의 동기화와 통신을 위한 기술로, 공유 변수의 동시 접근을 제어하는 메커니즘',58),(131,'2024-02-15 13:25:08.000000','2024-02-15 13:25:08.000000','사용하고 있는 스레드/프로세스의 수를 공통으로 관리하는 하나의 값을 이용해 상호배제를 달성함',58),(132,'2024-02-15 13:25:08.000000','2024-02-15 13:25:08.000000','운영체제에서 메모리를 효율적으로 관리하기 위해 사용되는 메모리 공간 할당 기법 중 하나',59),(133,'2024-02-15 13:25:08.000000','2024-02-15 13:25:08.000000','프로세스를 작은 크기로 나누어서 외부 단편화를 해결함',59),(134,'2024-02-15 13:25:08.000000','2024-02-15 13:25:08.000000','주 기억장치와 CPU 사이에 위치하여 빠른 데이터 액세스를 제공하며 컴퓨터의 전반적인 성능을 향상을 도모하는 것',60),(135,'2024-02-15 13:25:08.000000','2024-02-15 13:25:08.000000','속도가 빠른 장치와 느린 장치간의 속도 차에 따른 병목현상을 줄이기 위한 범용 메모리',60);
/*!40000 ALTER TABLE `flashcard_content` ENABLE KEYS */;
UNLOCK TABLES;

--
-- Table structure for table `flyway_schema_history`
--

DROP TABLE IF EXISTS `flyway_schema_history`;
/*!40101 SET @saved_cs_client     = @@character_set_client */;
/*!50503 SET character_set_client = utf8mb4 */;
CREATE TABLE `flyway_schema_history` (
  `installed_rank` int NOT NULL,
  `version` varchar(50) DEFAULT NULL,
  `description` varchar(200) NOT NULL,
  `type` varchar(20) NOT NULL,
  `script` varchar(1000) NOT NULL,
  `checksum` int DEFAULT NULL,
  `installed_by` varchar(100) NOT NULL,
  `installed_on` timestamp NOT NULL DEFAULT CURRENT_TIMESTAMP,
  `execution_time` int NOT NULL,
  `success` tinyint(1) NOT NULL,
  PRIMARY KEY (`installed_rank`),
  KEY `flyway_schema_history_s_idx` (`success`)
) ENGINE=InnoDB DEFAULT CHARSET=utf8mb4 COLLATE=utf8mb4_0900_ai_ci;
/*!40101 SET character_set_client = @saved_cs_client */;

--
-- Dumping data for table `flyway_schema_history`
--

LOCK TABLES `flyway_schema_history` WRITE;
/*!40000 ALTER TABLE `flyway_schema_history` DISABLE KEYS */;
INSERT INTO `flyway_schema_history` VALUES (1,'0','ddl','SQL','V0__ddl.sql',-598847726,'root','2024-02-15 04:25:07',238,1),(2,'1','insert-category','SQL','V1__insert-category.sql',-1022945602,'root','2024-02-15 04:25:07',8,1),(3,'2','insert-member','SQL','V2__insert-member.sql',-401589691,'root','2024-02-15 04:25:07',5,1),(4,'3','insert-tier','SQL','V3__insert-tier.sql',319236442,'root','2024-02-15 04:25:07',7,1),(5,'4','quiz answer-ddl','SQL','V4__quiz_answer-ddl.sql',-1126770335,'root','2024-02-15 04:25:07',35,1),(6,'5','insert-quiz-quiz answer','SQL','V5__insert-quiz-quiz_answer.sql',-1234385412,'root','2024-02-15 04:25:07',27,1),(7,'6','insert-member2','SQL','V6__insert-member2.sql',-1082230033,'root','2024-02-15 04:25:07',4,1),(8,'7','ddl-member badge badge','SQL','V7__ddl-member_badge_badge.sql',1027285142,'root','2024-02-15 04:25:07',65,1),(9,'8','insert-badge','SQL','V8__insert-badge.sql',1078150392,'root','2024-02-15 04:25:07',4,1),(10,'9','insert-member badge','SQL','V9__insert-member_badge.sql',606541255,'root','2024-02-15 04:25:07',5,1),(11,'10','socre history-ddl','SQL','V10__socre_history-ddl.sql',-1326458765,'root','2024-02-15 04:25:08',45,1),(12,'11','member-quiz-dummy-data','SQL','V11__member-quiz-dummy-data.sql',228867273,'root','2024-02-15 04:25:08',6,1),(13,'12','favorite-ddl','SQL','V12__favorite-ddl.sql',762904419,'root','2024-02-15 04:25:08',43,1),(14,'13','flashcard content-ddl','SQL','V13__flashcard_content-ddl.sql',869949079,'root','2024-02-15 04:25:08',59,1),(15,'14','insert-database-flashcard-data','SQL','V14__insert-database-flashcard-data.sql',1582806754,'root','2024-02-15 04:25:08',6,1),(16,'15','create-quiz-factor-table','SQL','V15__create-quiz-factor-table.sql',1782292542,'root','2024-02-15 04:25:08',82,1),(17,'16','insert-factor-cardFlash','SQL','V16__insert-factor-cardFlash.sql',-1315466140,'root','2024-02-15 04:25:08',17,1),(18,'17','change-tier-data','SQL','V17__change-tier-data.sql',-1141071873,'root','2024-02-15 04:25:08',4,1),(19,'18','insert-member badge-data','SQL','V18__insert-member_badge-data.sql',1953107021,'root','2024-02-15 04:25:08',3,1),(20,'19','streak-ddl','SQL','V19__streak-ddl.sql',-990058687,'root','2024-02-15 04:25:08',35,1),(21,'20','incorrect note ddl','SQL','V20__incorrect_note_ddl.sql',128225635,'root','2024-02-15 04:25:08',47,1),(22,'21','insert-incorrect note','SQL','V21__insert-incorrect_note.sql',-2036685704,'root','2024-02-15 04:25:08',4,1),(23,'22','insert-streak','SQL','V22__insert-streak.sql',-800967229,'root','2024-02-15 04:25:08',4,1),(24,'23','delete-insert-streak','SQL','V23__delete-insert-streak.sql',-1361482227,'root','2024-02-15 04:25:08',4,1),(25,'24','insert-card-data','SQL','V24__insert-card-data.sql',-1983178719,'root','2024-02-15 04:25:08',17,1),(26,'25','add-column-cardquiz','SQL','V25__add-column-cardquiz.sql',1508092156,'root','2024-02-15 04:25:08',25,1),(27,'26','insert-score history','SQL','V26__insert-score_history.sql',1375959336,'root','2024-02-15 04:25:08',4,1),(28,'27','insert-score history-more','SQL','V27__insert-score_history-more.sql',858809385,'root','2024-02-15 04:25:08',3,1),(29,'28','insert-quiz answer','SQL','V28__insert-quiz_answer.sql',332870391,'root','2024-02-15 04:25:08',12,1),(30,'29','card quiz-mapping','SQL','V29__card_quiz-mapping.sql',291083238,'root','2024-02-15 04:25:08',159,1),(31,'30','alter-table-delete-cascade','SQL','V30__alter-table-delete-cascade.sql',-1171630995,'root','2024-02-15 04:57:51',1045,1),(32,'31','update-member-password','SQL','V31__update-member-password.sql',-872981422,'root','2024-02-15 04:57:51',9,1),(33,'32','update-quiz-answer','SQL','V32__update-quiz-answer.sql',554233079,'root','2024-02-15 06:01:38',10,1);
/*!40000 ALTER TABLE `flyway_schema_history` ENABLE KEYS */;
UNLOCK TABLES;

--
-- Table structure for table `incorrect_note`
--

DROP TABLE IF EXISTS `incorrect_note`;
/*!40101 SET @saved_cs_client     = @@character_set_client */;
/*!50503 SET character_set_client = utf8mb4 */;
CREATE TABLE `incorrect_note` (
  `id` int NOT NULL AUTO_INCREMENT,
  `created_at` datetime(6) DEFAULT NULL,
  `updated_at` datetime(6) DEFAULT NULL,
  `member_id` int DEFAULT NULL,
  `quiz_id` int DEFAULT NULL,
  PRIMARY KEY (`id`),
  KEY `FKgyjffmewlxblhp4py8t71ypyk` (`quiz_id`),
  KEY `FK56qhsn0o6o9bg0fnbo3ksxyol` (`member_id`),
  CONSTRAINT `FK56qhsn0o6o9bg0fnbo3ksxyol` FOREIGN KEY (`member_id`) REFERENCES `member` (`id`) ON DELETE CASCADE,
  CONSTRAINT `FKgyjffmewlxblhp4py8t71ypyk` FOREIGN KEY (`quiz_id`) REFERENCES `quiz` (`id`)
) ENGINE=InnoDB AUTO_INCREMENT=173 DEFAULT CHARSET=utf8mb4 COLLATE=utf8mb4_0900_ai_ci;
/*!40101 SET character_set_client = @saved_cs_client */;

--
-- Dumping data for table `incorrect_note`
--

LOCK TABLES `incorrect_note` WRITE;
/*!40000 ALTER TABLE `incorrect_note` DISABLE KEYS */;
INSERT INTO `incorrect_note` VALUES (1,'2024-02-06 21:45:51.000000','2024-02-06 21:45:52.000000',1,3),(2,'2024-02-06 21:46:29.000000','2024-02-06 21:46:28.000000',1,1),(3,'2024-02-15 04:45:43.356964','2024-02-15 04:45:43.356964',7,33),(4,'2024-02-15 04:45:43.421570','2024-02-15 04:45:43.421570',7,34),(5,'2024-02-15 04:45:43.457842','2024-02-15 04:45:43.457842',7,35),(6,'2024-02-15 04:45:43.492188','2024-02-15 04:45:43.492188',7,36),(7,'2024-02-15 04:45:43.531222','2024-02-15 04:45:43.531222',7,37),(8,'2024-02-15 04:45:43.570184','2024-02-15 04:45:43.570184',7,38),(9,'2024-02-15 04:45:43.603713','2024-02-15 04:45:43.603713',7,39),(10,'2024-02-15 04:45:43.634857','2024-02-15 04:45:43.634857',7,30),(11,'2024-02-15 04:45:43.668823','2024-02-15 04:45:43.668823',7,31),(12,'2024-02-15 04:45:43.700368','2024-02-15 04:45:43.700368',7,32),(20,'2024-02-15 04:53:59.287672','2024-02-15 04:53:59.287672',11,9),(21,'2024-02-15 04:56:42.609206','2024-02-15 04:56:42.609206',11,44),(22,'2024-02-15 04:56:42.689800','2024-02-15 04:56:42.689800',11,47),(23,'2024-02-15 04:56:42.711231','2024-02-15 04:56:42.711231',11,48),(24,'2024-02-15 04:56:42.782571','2024-02-15 04:56:42.782571',11,41),(25,'2024-02-15 04:56:42.804915','2024-02-15 04:56:42.804915',11,42),(26,'2024-02-15 04:58:10.997148','2024-02-15 04:58:10.997148',11,66),(27,'2024-02-15 04:58:11.280491','2024-02-15 04:58:11.280491',11,61),(28,'2024-02-15 04:58:11.314417','2024-02-15 04:58:11.314417',11,62),(29,'2024-02-15 04:58:11.347234','2024-02-15 04:58:11.347234',11,63),(30,'2024-02-15 04:58:11.377467','2024-02-15 04:58:11.377467',11,64),(31,'2024-02-15 04:58:11.407047','2024-02-15 04:58:11.407047',11,65),(32,'2024-02-15 05:01:00.732365','2024-02-15 05:01:00.732365',14,44),(33,'2024-02-15 05:01:00.780640','2024-02-15 05:01:00.780640',14,46),(34,'2024-02-15 05:01:00.802509','2024-02-15 05:01:00.802509',14,47),(35,'2024-02-15 05:01:00.878402','2024-02-15 05:01:00.878402',14,40),(36,'2024-02-15 05:01:00.933229','2024-02-15 05:01:00.933229',14,42),(37,'2024-02-15 05:01:00.961260','2024-02-15 05:01:00.961260',14,43),(47,'2024-02-15 15:06:06.741093','2024-02-15 15:06:06.741093',13,55),(48,'2024-02-15 15:06:06.826036','2024-02-15 15:06:06.826036',13,58),(49,'2024-02-15 15:06:06.877591','2024-02-15 15:06:06.877591',13,50),(50,'2024-02-15 15:06:06.893386','2024-02-15 15:06:06.893386',13,51),(51,'2024-02-15 15:06:06.910180','2024-02-15 15:06:06.910180',13,52),(52,'2024-02-15 15:06:06.927138','2024-02-15 15:06:06.927138',13,53),(53,'2024-02-15 15:06:06.944114','2024-02-15 15:06:06.944114',13,54),(64,'2024-02-15 16:33:08.764015','2024-02-15 16:33:08.764015',13,63),(65,'2024-02-15 16:33:08.780674','2024-02-15 16:33:08.780674',13,64),(66,'2024-02-15 21:25:40.155742','2024-02-15 21:25:40.155742',24,44),(67,'2024-02-15 21:25:40.207456','2024-02-15 21:25:40.207456',24,46),(68,'2024-02-15 21:25:40.313397','2024-02-15 21:25:40.313397',24,40),(69,'2024-02-15 21:25:40.329765','2024-02-15 21:25:40.329765',24,41),(70,'2024-02-15 21:39:04.888714','2024-02-15 21:39:04.888714',24,23),(71,'2024-02-15 21:39:05.083045','2024-02-15 21:39:05.083045',24,20),(77,'2024-02-16 02:20:14.217302','2024-02-16 02:20:14.217302',27,1),(78,'2024-02-16 02:20:14.286803','2024-02-16 02:20:14.286803',27,2),(79,'2024-02-16 02:20:14.398249','2024-02-16 02:20:14.398249',27,4),(80,'2024-02-16 02:20:14.434078','2024-02-16 02:20:14.434078',27,5),(81,'2024-02-16 02:20:14.472979','2024-02-16 02:20:14.472979',27,6),(82,'2024-02-16 02:20:14.605745','2024-02-16 02:20:14.605745',27,9),(83,'2024-02-16 02:20:14.639855','2024-02-16 02:20:14.639855',27,10),(84,'2024-02-16 02:42:24.682726','2024-02-16 02:42:24.682726',28,61),(85,'2024-02-16 02:42:24.701553','2024-02-16 02:42:24.701553',28,62),(86,'2024-02-16 02:42:24.758844','2024-02-16 02:42:24.758844',28,64),(87,'2024-02-16 02:42:24.784205','2024-02-16 02:42:24.784205',28,65),(88,'2024-02-16 02:43:43.604721','2024-02-16 02:43:43.604721',28,46),(89,'2024-02-16 02:43:43.763023','2024-02-16 02:43:43.763023',28,42),(90,'2024-02-16 02:56:19.236177','2024-02-16 02:56:19.236177',26,44),(95,'2024-02-16 02:56:19.380313','2024-02-16 02:56:19.380313',26,40),(97,'2024-02-16 02:57:28.114470','2024-02-16 02:57:28.114470',26,23),(98,'2024-02-16 02:57:28.131768','2024-02-16 02:57:28.131768',26,12),(99,'2024-02-16 02:57:28.149543','2024-02-16 02:57:28.149543',26,25),(100,'2024-02-16 02:57:28.173168','2024-02-16 02:57:28.173168',26,14),(101,'2024-02-16 02:57:28.239866','2024-02-16 02:57:28.239866',26,17),(102,'2024-02-16 02:57:28.259313','2024-02-16 02:57:28.259313',26,18),(104,'2024-02-16 02:58:26.277457','2024-02-16 02:58:26.277457',26,33),(105,'2024-02-16 02:58:26.297235','2024-02-16 02:58:26.297235',26,34),(106,'2024-02-16 02:58:26.368631','2024-02-16 02:58:26.368631',26,37),(109,'2024-02-16 02:58:26.431426','2024-02-16 02:58:26.431426',26,30),(110,'2024-02-16 02:58:26.480549','2024-02-16 02:58:26.480549',26,32),(114,'2024-02-16 02:59:01.289656','2024-02-16 02:59:01.289656',26,60),(120,'2024-02-16 03:00:15.922670','2024-02-16 03:00:15.922670',26,57),(122,'2024-02-16 03:00:15.967411','2024-02-16 03:00:15.967411',26,59),(123,'2024-02-16 03:00:15.994738','2024-02-16 03:00:15.994738',26,50),(124,'2024-02-16 03:00:16.019088','2024-02-16 03:00:16.019088',26,51),(130,'2024-02-16 03:19:57.674214','2024-02-16 03:19:57.674214',26,11),(132,'2024-02-16 03:19:57.799836','2024-02-16 03:19:57.799836',26,20),(133,'2024-02-16 04:09:20.478919','2024-02-16 04:09:20.478919',29,1),(136,'2024-02-16 04:30:16.259841','2024-02-16 04:30:16.259841',29,44),(137,'2024-02-16 04:30:16.303024','2024-02-16 04:30:16.303024',29,46),(138,'2024-02-16 04:30:16.370066','2024-02-16 04:30:16.370066',29,49),(139,'2024-02-16 04:30:16.413275','2024-02-16 04:30:16.413275',29,41),(140,'2024-02-16 04:30:16.432188','2024-02-16 04:30:16.432188',29,42),(141,'2024-02-16 04:32:23.918659','2024-02-16 04:32:23.918659',29,13),(143,'2024-02-16 04:32:23.977674','2024-02-16 04:32:23.977674',29,17),(144,'2024-02-16 04:32:24.062515','2024-02-16 04:32:24.062515',29,20),(145,'2024-02-16 04:33:01.564572','2024-02-16 04:33:01.564572',29,33),(146,'2024-02-16 04:33:01.583848','2024-02-16 04:33:01.583848',29,34),(147,'2024-02-16 04:33:01.625575','2024-02-16 04:33:01.625575',29,36),(148,'2024-02-16 04:33:01.644598','2024-02-16 04:33:01.644598',29,37),(149,'2024-02-16 04:33:01.660883','2024-02-16 04:33:01.660883',29,38),(150,'2024-02-16 04:33:01.700527','2024-02-16 04:33:01.700527',29,30),(151,'2024-02-16 04:33:01.717691','2024-02-16 04:33:01.717691',29,31),(157,'2024-02-16 04:34:06.039013','2024-02-16 04:34:06.039013',29,56),(158,'2024-02-16 04:34:06.054409','2024-02-16 04:34:06.054409',29,57),(159,'2024-02-16 04:34:06.115380','2024-02-16 04:34:06.115380',29,50),(160,'2024-02-16 04:34:06.132819','2024-02-16 04:34:06.132819',29,51),(161,'2024-02-16 04:34:06.149452','2024-02-16 04:34:06.149452',29,52),(162,'2024-02-16 04:34:06.166328','2024-02-16 04:34:06.166328',29,53),(163,'2024-02-16 04:34:06.183922','2024-02-16 04:34:06.183922',29,54),(164,'2024-02-16 04:38:55.921402','2024-02-16 04:38:55.921402',29,23),(165,'2024-02-16 04:38:55.937024','2024-02-16 04:38:55.937024',29,24),(166,'2024-02-16 04:38:55.965084','2024-02-16 04:38:55.965084',29,25),(167,'2024-02-16 04:38:56.070880','2024-02-16 04:38:56.070880',29,18);
/*!40000 ALTER TABLE `incorrect_note` ENABLE KEYS */;
UNLOCK TABLES;

--
-- Table structure for table `member`
--

DROP TABLE IF EXISTS `member`;
/*!40101 SET @saved_cs_client     = @@character_set_client */;
/*!50503 SET character_set_client = utf8mb4 */;
CREATE TABLE `member` (
  `id` int NOT NULL AUTO_INCREMENT,
  `created_at` datetime(6) DEFAULT NULL,
  `updated_at` datetime(6) DEFAULT NULL,
  `email` varchar(255) NOT NULL,
  `member_id` varchar(255) NOT NULL,
  `nickname` varchar(255) NOT NULL,
  `pwd` varchar(255) NOT NULL,
  `point` int DEFAULT NULL,
  PRIMARY KEY (`id`),
  UNIQUE KEY `UK_4rw879c4q7wrgi3v64cy73b17` (`member_id`),
  UNIQUE KEY `UK_mbmcqelty0fbrvxp1q58dn57t` (`email`)
) ENGINE=InnoDB AUTO_INCREMENT=36 DEFAULT CHARSET=utf8mb4 COLLATE=utf8mb4_0900_ai_ci;
/*!40101 SET character_set_client = @saved_cs_client */;

--
-- Dumping data for table `member`
--

LOCK TABLES `member` WRITE;
/*!40000 ALTER TABLE `member` DISABLE KEYS */;
INSERT INTO `member` VALUES (1,'2024-01-26 17:48:42.560187','2024-01-26 17:48:42.560187','toast@test.com','toast','토스트','$2a$10$JJrdBQqmR0VqEiklCirH.uI3Tegar5MlVv/ss9o9TKFPsWilbu39.',0),(2,'2024-01-26 17:48:42.560187','2024-01-26 17:48:42.560187','toast2@test.com','toast2','핫도그','$2a$10$JJrdBQqmR0VqEiklCirH.uI3Tegar5MlVv/ss9o9TKFPsWilbu39.',100),(3,'2024-01-26 17:48:42.560187','2024-01-26 17:48:42.560187','toast3@test.com','toast3','인프라의노예','$2a$10$JJrdBQqmR0VqEiklCirH.uI3Tegar5MlVv/ss9o9TKFPsWilbu39.',200),(4,'2024-01-26 17:48:42.560187','2024-01-26 17:48:42.560187','toast4@test.com','toast4','난해적왕이될거야','$2a$10$JJrdBQqmR0VqEiklCirH.uI3Tegar5MlVv/ss9o9TKFPsWilbu39.',400),(5,'2024-01-27 17:48:42.560187','2024-01-27 17:48:42.560187','toast5@test.com','toast5','sleepy','$2a$10$JJrdBQqmR0VqEiklCirH.uI3Tegar5MlVv/ss9o9TKFPsWilbu39.',400),(6,'2024-01-26 17:48:42.560187','2024-01-26 17:48:42.560187','toast6@test.com','toast6','닉네임뭐하지','$2a$10$JJrdBQqmR0VqEiklCirH.uI3Tegar5MlVv/ss9o9TKFPsWilbu39.',800),(7,'2024-02-15 04:27:07.216613','2024-02-16 10:12:19.167277','strong@strong.com','strong','strong','$2a$10$Z/H2K9J.J7DxINB6ovvqpeqvafbD6IL7YDBSn/PoF3chog9AXDsSG',93),(9,'2024-02-15 04:39:50.354203','2024-02-15 04:39:50.354203','tetsttest@naver.ocm','test','test','$2a$10$Fc847JwtJZoFUIvO6E.GjuMp/EBZbegudjpYnzVi2Gk86Ami.yRIK',0),(10,'2024-02-15 04:44:34.739477','2024-02-15 04:53:44.188498','power@naver.com','super','사라지지않는진현','$2a$10$JRvsAlUSmJLyW.KWYAkS0O3unHRhrlZtI7CxqmDMtVnR6TpQ5wzVu',100),(11,'2024-02-15 04:52:19.870199','2024-02-15 04:58:11.245401','test@test.com','test@test.com','정처기필기19번떨어진사람','$2a$10$S3jCSysj3QX8Vbm4JxALouB8eu3/VQ88MZ5Ef0ZxTh/HA.GmwF/V2',173),(12,'2024-02-15 04:56:22.955027','2024-02-15 14:52:30.707826','bae@bae.com','asdfasdf','영구기관배진현','$2a$10$CQ48Pfx8AASEmQ/KeKTXPeWph2ls2zT74WD73a5rjAEIa8WeVt666',100),(13,'2024-02-15 04:56:26.165761','2024-02-15 16:34:51.322353','string@string.string','string','스트링','$2a$10$V9kdzFWD2jrKlarMKUn/5O24Cg4EMXUmng.NrwSCSryLY0ISYfVXK',196),(14,'2024-02-15 04:57:16.629237','2024-02-15 05:01:00.905323','rkrk@rk.rk','rkrkrk','가가가','$2a$10$Ue529l5IdINeengKh1GqHOc2xyeoDDURQ57i8jrPwZTgUuBLOsBl6',40),(15,'2024-02-15 14:56:43.157129','2024-02-15 15:05:11.171932','miss@asdf.com','asdf','타노스먼지메이커미스리','$2a$10$hm8nKdmXzPIm6UFygy7jU.lMjtFg21JN6yYJs4ci8eGWRLLwBQb/C',100),(16,'2024-02-15 15:11:16.959066','2024-02-15 15:12:31.377444','asdf@asdfasdf.com','asdf123','영원한인프라의노예미스배','$2a$10$lRMzLbI7RFOOnEv0xn86iOWgPFh2Uzc/Bu1QtR5AIhhk93GVXXgFm',100),(17,'2024-02-15 15:14:59.589937','2024-02-15 15:15:51.065066','asdfasdf@asdf.com','asdf12','혼자호떡먹는몹쓸미스배','$2a$10$iTxRYu.NV.u5SYLR35vxrOLU3uIH19jElpHdfTerXc4qCCHBPY/bS',100),(19,'2024-02-15 15:22:19.485321','2024-02-15 15:22:19.485321','ucc@ucc.ucc','ｕｃｃｔｅｓｔ','유씨씨','$2a$10$qUTYi2gVnmfqpJZMkWBddOXBVUjsDAUB1wL6JzSf5mSm9s3prqV7i',0),(20,'2024-02-15 15:23:33.632214','2024-02-15 15:26:01.403673','a@asdf.com','asdf1234','쓰리샷커피먹는커피중독자미스배','$2a$10$fkUJ2rzxiHkChcaIMP5RfuPwTAOd4o/p57ImtuSaMKwz3GtiUK6l.',100),(24,'2024-02-15 21:08:43.092537','2024-02-15 21:39:05.063070','aaaa@aaaa.com','aaaa','apple','$2a$10$PCYIr5A87zmVyfo8k./fYeP4WGfXFmA.lEVv79ItMmoN1VA1JGxhK',233),(25,'2024-02-16 00:32:24.131009','2024-02-16 00:32:24.131009','1234@qwer.com','1234','1234','$2a$10$3rmXNCGSySEkyoOAda1uLeN8Y0ZG3lr1OUF0/fvo6Z6PlojPIsxMG',0),(26,'2024-02-16 00:38:09.221330','2024-02-16 03:56:53.382221','godone@ssafy.com','godone','킹갓제너럴컨설턴트GODONE','$2a$10$S9If92Y0YAIA5zVUrOYrsOUNsO0FzhASSGrVUFsfXaXUlPwtfX5cm',438),(27,'2024-02-16 02:17:26.400576','2024-02-16 02:20:14.565050','workju1124@gmail.com','workju1124','KIMSEI','$2a$10$LWB15lnrXzUCPGHTN2vZN.b3bunllhxo4InLU6lbxUsYeYvZ2RiHi',30),(28,'2024-02-16 02:34:49.246191','2024-02-16 02:43:43.788918','seas@yeah.com','seasyeah','seasyeah','$2a$10$VQwiqeMTarH7wr5IEiTl1uL4BB/h9apKEMoAa85gqNHZ8z94aSDnS',140),(29,'2024-02-16 04:02:09.611136','2024-02-16 04:40:41.366323','bestcoaches@ssafy.com','bestcoaches','6반코치님들이최고입니다하하하','$2a$10$c1rgN3TM9uLK5cSWERmlXuNeipmGWKjzXshG37s0IxWfzDFucSbJ.',372),(34,'2024-02-16 10:28:20.984253','2024-02-16 10:29:24.750298','aaa@aaa.com','aaaaa','aaaaa','$2a$10$nw.cjN8Es5EsMAP8WwaoXeyzj8bHTgnofZjc1zFwUa5jqrL6XitMC',100);
/*!40000 ALTER TABLE `member` ENABLE KEYS */;
UNLOCK TABLES;

--
-- Table structure for table `member_badge`
--

DROP TABLE IF EXISTS `member_badge`;
/*!40101 SET @saved_cs_client     = @@character_set_client */;
/*!50503 SET character_set_client = utf8mb4 */;
CREATE TABLE `member_badge` (
  `id` int NOT NULL AUTO_INCREMENT,
  `created_at` datetime(6) DEFAULT NULL,
  `updated_at` datetime(6) DEFAULT NULL,
  `member_id` int NOT NULL,
  `badge_id` int NOT NULL,
  PRIMARY KEY (`id`),
  KEY `member_badge_member_fk` (`member_id`),
  KEY `member_badge_badge_fk` (`badge_id`),
  CONSTRAINT `member_badge_badge_fk` FOREIGN KEY (`badge_id`) REFERENCES `badge` (`id`) ON DELETE CASCADE,
  CONSTRAINT `member_badge_member_fk` FOREIGN KEY (`member_id`) REFERENCES `member` (`id`) ON DELETE CASCADE
) ENGINE=InnoDB AUTO_INCREMENT=18 DEFAULT CHARSET=utf8mb4 COLLATE=utf8mb4_0900_ai_ci;
/*!40101 SET character_set_client = @saved_cs_client */;

--
-- Dumping data for table `member_badge`
--

LOCK TABLES `member_badge` WRITE;
/*!40000 ALTER TABLE `member_badge` DISABLE KEYS */;
INSERT INTO `member_badge` VALUES (1,NULL,NULL,3,2),(2,NULL,NULL,3,3),(3,NULL,NULL,3,1),(4,NULL,NULL,4,2),(5,NULL,NULL,4,5),(6,'2024-02-15 13:25:08.000000','2024-02-15 13:25:08.000000',1,1),(7,'2024-02-15 13:25:08.000000','2024-02-15 13:25:08.000000',1,3),(8,'2024-02-15 13:25:08.000000','2024-02-15 13:25:08.000000',1,5),(9,'2024-02-15 18:38:44.578886','2024-02-15 18:38:44.578886',13,4),(10,'2024-02-15 21:09:56.851688','2024-02-15 21:09:56.851688',24,4),(11,'2024-02-15 21:35:11.441824','2024-02-15 21:35:11.441824',15,4),(12,'2024-02-16 00:11:34.393795','2024-02-16 00:11:34.393795',10,4),(13,'2024-02-16 03:36:01.309217','2024-02-16 03:36:01.309217',26,4),(14,'2024-02-16 04:40:07.139074','2024-02-16 04:40:07.139074',29,3),(15,'2024-02-16 10:12:19.403685','2024-02-16 10:12:19.403685',7,4),(16,'2024-02-16 10:15:02.111985','2024-02-16 10:15:02.111985',17,4),(17,'2024-02-16 10:29:24.781304','2024-02-16 10:29:24.781304',34,4);
/*!40000 ALTER TABLE `member_badge` ENABLE KEYS */;
UNLOCK TABLES;

--
-- Table structure for table `quiz`
--

DROP TABLE IF EXISTS `quiz`;
/*!40101 SET @saved_cs_client     = @@character_set_client */;
/*!50503 SET character_set_client = utf8mb4 */;
CREATE TABLE `quiz` (
  `id` int NOT NULL AUTO_INCREMENT,
  `created_at` datetime(6) DEFAULT NULL,
  `updated_at` datetime(6) DEFAULT NULL,
  `hint` varchar(255) DEFAULT NULL,
  `problem` varchar(255) DEFAULT NULL,
  `category_id` int DEFAULT NULL,
  PRIMARY KEY (`id`),
  KEY `FK82x9fxd5tsbb3i1ewrp3cr8xa` (`category_id`),
  CONSTRAINT `FK82x9fxd5tsbb3i1ewrp3cr8xa` FOREIGN KEY (`category_id`) REFERENCES `category` (`id`)
) ENGINE=InnoDB AUTO_INCREMENT=70 DEFAULT CHARSET=utf8mb4 COLLATE=utf8mb4_0900_ai_ci;
/*!40101 SET character_set_client = @saved_cs_client */;

--
-- Dumping data for table `quiz`
--

LOCK TABLES `quiz` WRITE;
/*!40000 ALTER TABLE `quiz` DISABLE KEYS */;
INSERT INTO `quiz` VALUES (1,'2024-01-23 18:11:12.000000','2024-01-23 18:11:12.000000','중복 없이 각 행을 식별하는 데 사용.','테이블에서 각 행을 고유하게 식별하는 열 또는 열의 조합은?',1),(2,'2024-01-23 18:11:12.000000','2024-01-23 18:11:12.000000','열은 데이터의 속성, 행은 각각의 레코드를 나타냄.','데이터를 행과 열의 형태로 구조화한 데이터베이스의 기본 구성 요소는?',1),(3,'2024-01-23 18:11:12.000000','2024-01-23 18:11:12.000000','다른 테이블과의 관계를 구축하는 데 사용되는 열.','다른 테이블의 기본 키를 참조하는 열로, 테이블 간의 관계를 정의하는 것은?',1),(4,'2024-01-23 18:11:12.000000','2024-01-23 18:11:12.000000','특정 열에 대한 검색 속도를 향상시키는 데 활용.','데이터베이스에서 검색 성능을 향상시키기 위해 사용되는 데이터 구조는?',1),(5,'2024-01-23 18:11:12.000000','2024-01-23 18:11:12.000000','모든 조작이 성공하거나 실패할 때만 완료되는 작업 묶음.','하나 이상의 데이터베이스 조작(쿼리)을 묶어서 원자적으로 처리하는 논리적 작업 단위는?',1),(6,'2024-01-23 18:11:12.000000','2024-01-23 18:11:12.000000','테이블, 인덱스, 뷰 등의 객체와 관계를 설명하는 구조.','데이터베이스의 구조와 제약 조건을 정의하는 개념은?',1),(7,'2024-01-23 18:11:12.000000','2024-01-23 18:11:12.000000','테이블을 나누어 중복을 줄이는 작업.','데이터의 중복을 최소화하고 데이터의 일관성을 유지하기 위해 테이블을 설계하는 프로세스는?',1),(8,'2024-01-23 18:11:12.000000','2024-01-23 18:11:12.000000','특정 사용자나 응용프로그램에게 필요한 데이터만 보여주기 위한 가상의 테이블.','하나 이상의 테이블에서 유도된 테이블로, 저장되지 않지만 쿼리에서 사용될 수 있는 가상의 테이블은?',1),(9,'2024-01-23 18:11:12.000000','2024-01-23 18:11:12.000000','SELECT, INSERT, UPDATE, DELETE 등이 포함됩니다.','데이터베이스에서 정보를 검색하거나 조작하기 위한 명령문은?',1),(10,'2024-01-23 18:11:12.000000','2024-01-23 18:11:12.000000','데이터 변경 시 특정 동작을 수행하는데 사용됨.','특정 이벤트가 발생할 때 자동으로 실행되는 데이터베이스 객체는?',1),(11,'2024-01-23 18:11:12.000000','2024-01-23 18:11:12.000000','패킷을 전송하고 받는 경로를 결정하는 역할을 하는 장치입니다.','두 개의 네트워크를 연결하여 통신할 수 있게 해주는 장치는 무엇인가요?',2),(12,'2024-01-23 18:11:12.000000','2024-01-23 18:11:12.000000','불법적인 접근으로부터 네트워크를 보호하는 역할을 합니다.','네트워크에서 특정한 서비스에 대한 접근 권한을 부여하거나 거부하는 보안 기술은 무엇인가요?',2),(13,'2024-01-23 18:11:12.000000','2024-01-23 18:11:12.000000','클라이언트에게 서비스나 데이터를 제공하는 중심 장치입니다.','네트워크에서 여러 컴퓨터가 동시에 공유할 수 있는 자원이나 정보를 관리하는 시스템은 무엇인가요?',2),(14,'2024-01-23 18:11:12.000000','2024-01-23 18:11:12.000000','무선 네트워크에 접속하기 위한 표준 기술입니다.','무선 네트워크에서 사용되는 기술로, 근거리 통신을 위한 무선 통신 규약은 무엇인가요?',2),(15,'2024-01-23 18:11:12.000000','2024-01-23 18:11:12.000000','원격으로 다른 컴퓨터에 로그인하고 명령을 실행하는 보안 프로토콜입니다.','네트워크에서 사용자가 다른 컴퓨터에 접속할 때 사용하는 프로토콜은 무엇인가요?',2),(16,'2024-01-23 18:11:12.000000','2024-01-23 18:11:12.000000','데이터의 정확성과 순서를 보장하는 연결 지향 프로토콜입니다.','네트워크에서 사용되는 통신 규약으로, 전송 계층에서 데이터의 신뢰성을 보장하는 프로토콜은 무엇인가요?',2),(17,'2024-01-23 18:11:12.000000','2024-01-23 18:11:12.000000','데이터의 경로를 결정하고 패킷을 목적지까지 전달하는 역할을 합니다.','인터넷에서 사용되는 통신 규약으로, 전송 계층에서 데이터를 패킷으로 분할하여 전송하는 프로토콜은 무엇인가요?',2),(18,'2024-01-23 18:11:12.000000','2024-01-23 18:11:12.000000','서로 다른 네트워크 간의 통신을 중계하고 연결하는 역할을 합니다.','컴퓨터 네트워크에서 서로 다른 네트워크를 연결하여 통신할 수 있게 하는 장치는 무엇인가요?',2),(19,'2024-01-23 18:11:12.000000','2024-01-23 18:11:12.000000','네트워크 인터페이스 카드에 할당된 고유한 식별자입니다.','네트워크에서 각 장치의 물리적인 주소를 나타내는 고유한 식별자는 무엇인가요?',2),(20,'2024-01-23 18:11:12.000000','2024-01-23 18:11:12.000000','두 개의 네트워크를 연결하여 데이터 전송을 지원하는 장치입니다.','네트워크에서 서로 다른 네트워크 간에 통신을 중계하고 연결하는 역할을 하는 장치는 무엇인가요?',2),(21,'2024-01-23 18:11:12.000000','2024-01-23 18:11:12.000000','전송 신뢰성이 낮지만 실시간 통신에 적합한 프로토콜입니다.','네트워크에서 데이터 전송 중 오류를 감지하고, 필요한 경우 재전송을 요청하는 프로토콜은 무엇인가요?',2),(22,'2024-01-23 18:11:12.000000','2024-01-23 18:11:12.000000','웹 페이지나 웹 애플리케이션을 호스팅하는 역할을 하는 서버입니다.','컴퓨터 네트워크에서 사용자의 요청을 받아 웹 페이지 등의 정보를 제공하는 서버를 뭐라고 하나요?',2),(23,'2024-01-23 18:11:12.000000','2024-01-23 18:11:12.000000','파일 전송과 관련된 네트워크 프로토콜입니다.','네트워크에서 원격으로 다른 시스템에 접속하여 파일을 전송하거나 명령을 실행하는 프로토콜은 무엇인가요?',2),(24,'2024-01-23 18:11:12.000000','2024-01-23 18:11:12.000000','주로 휴대폰, 스마트 스피커 등에서 사용되는 기술입니다.','무선 네트워크에서 기기 간의 통신을 가능케 하는 근거리 통신 기술은 무엇인가요?',2),(25,'2024-01-23 18:11:12.000000','2024-01-23 18:11:12.000000','IP 주소를 서브넷으로 분리하는 데 사용되는 32비트의 숫자입니다.','IP 주소를 서브넷으로 분리하여 네트워크를 효율적으로 관리하고 라우팅을 지원하는데 사용되는 숫자는? ',2),(26,'2024-01-23 18:11:12.000000','2024-01-23 18:11:12.000000','호스트의 도메인 이름을 해당 호스트의 IP 주소로 변환하는 시스템입니다.','호스트의 도메인 이름을 해당 호스트의 IP 주소로 변환하는 시스템은?',2),(27,'2024-01-23 18:11:12.000000','2024-01-23 18:11:12.000000','공중 네트워크를 통해 안전하게 데이터를 전송하기 위한 가상의 사설 네트워크를 구축하는 기술입니다. 원격 접속 보안을 제공합니다.','공중 네트워크를 통해 안전하게 데이터를 전송하기 위한 가상의 사설 네트워크는? ',2),(28,'2024-01-23 18:11:12.000000','2024-01-23 18:11:12.000000','작은 지리적 범위에서 고속의 데이터 전송과 공유 리소스를 제공하여 조직 내 효율성을 향상시키는 네트워크입니다.','로컬 영역에서 고속의 데이터 전송과 공유 리소스를 제공하여 조직 내 효율성을 향상시키는 네트워크는? ',2),(29,'2024-01-23 18:11:12.000000','2024-01-23 18:11:12.000000','여러 지역이나 도시를 연결하여 지리적으로 넓은 범위에 걸쳐 있는 네트워크를 의미합니다.','여러 지역이나 도시를 연결하여 지리적으로 넓은 범위에 걸쳐 있는 네트워크는? ',2),(30,'2024-01-23 18:11:12.000000','2024-01-23 18:11:12.000000','명령어 처리를 담당하며, 명령어의 해석과 실행을 수행합니다.','CPU의 핵심 부품 중 하나로, 명령어를 해석하고 실행하는 역할을 하는 것은?',5),(31,'2024-01-23 18:11:12.000000','2024-01-23 18:11:12.000000','주로 데이터, 주소, 제어 신호를 전송하는 중요한 통로입니다.','CPU, 메모리, 그리고 다른 하드웨어 간에 데이터 전송을 도와주는 통로는 무엇인가요?',5),(32,'2024-01-23 18:11:12.000000','2024-01-23 18:11:12.000000','메인 메모리보다 더 빠른 속도로 접근 가능한 작은 용량의 메모리입니다.','CPU가 자주 사용하는 데이터에 빠르게 접근하기 위해 사용되는 고속 메모리는 무엇인가요?',5),(33,'2024-01-23 18:11:12.000000','2024-01-23 18:11:12.000000','CPU가 수행 가능한 기본적인 동작들이 정의된 명령어 집합입니다.','CPU가 이해하고 실행하는 명령어의 집합을 뭐라고 하나요?',5),(34,'2024-01-23 18:11:12.000000','2024-01-23 18:11:12.000000','CPU와 다른 하드웨어 구성 요소의 동작을 동기화하는 역할을 합니다.','모든 시스템 구성 요소가 동일한 속도로 동작하도록 하는 중요한 신호는 무엇인가요?',5),(35,'2024-01-23 18:11:12.000000','2024-01-23 18:11:12.000000','작업을 여러 단계로 나누어 동시에 처리하는 구조입니다.','CPU의 명령어 처리를 여러 단계로 분할하여 병렬적으로 실행하는 구조를 뭐라고 하나요?',5),(36,'2024-01-23 18:11:12.000000','2024-01-23 18:11:12.000000','명령어 실행에 필요한 데이터를 일시적으로 저장하는 역할을 합니다.','CPU 내부에서 데이터를 빠르게 저장하고 처리하는 데 사용되는 소량의 고속 기억장치는 무엇인가요?',5),(37,'2024-01-23 18:11:12.000000','2024-01-23 18:11:12.000000','ROM 또는 플래시 메모리에 저장되어 시스템의 초기 동작을 지원합니다.','하드웨어 초기화, 부팅, 기본 시스템 설정을 담당하는 내장 소프트웨어는 무엇인가요?',5),(38,'2024-01-23 18:11:12.000000','2024-01-23 18:11:12.000000','CPU가 현재 작업을 중단하고 특정 이벤트에 응답하는 시스템 메커니즘입니다.','시스템에서 발생하는 예외적인 상황이나 외부 이벤트에 대응하기 위한 메커니즘은 무엇인가요?',5),(39,'2024-01-23 18:11:12.000000','2024-01-23 18:11:12.000000','현재 실행 중인 프로그램과 데이터를 임시로 저장하는 역할을 합니다.','데이터와 명령을 저장하는 공간으로, RAM과 하드 디스크 등이 속하는 주 기억장치는 무엇인가요?',5),(40,'2024-01-23 18:11:12.000000','2024-01-23 18:11:12.000000','가장 큰(또는 작은) 원소가 맨 끝으로 이동할 때까지 이 비교와 교환 과정을 반복합니다','인접한 두 원소를 비교하여 순서를 교환하는 정렬 알고리즘은?',4),(41,'2024-01-23 18:11:12.000000','2024-01-23 18:11:12.000000','메모이제이션을 활용합니다.','작은 부분 문제들을 풀고, 그 해답을 저장하여 중복 계산을 피하며 최적화하는 알고리즘 기법은?',4),(42,'2024-01-23 18:11:12.000000','2024-01-23 18:11:12.000000','최소 신장 트리를 구성하는 알고리즘에는 간선 중심인 알고리즘과 노드 중심인 알고리즘이 있다.','그래프에서 가중치가 가장 작은 간선부터 선택하여 사이클을 형성하지 않도록 최소 신장 트리를 구성하는 알고리즘은?',4),(43,'2024-01-23 18:11:12.000000','2024-01-23 18:11:12.000000','2를 곱해주어야 한다.','비트 연산을 활용해서 4를 8로 만들려고 한다. 물음표에 들어갈 적절한 비트 연산자를 쓰시오. 4 ? 1',4),(44,'2024-01-23 18:11:12.000000','2024-01-23 18:11:12.000000','자식 노드 개수','이진 탐색 트리(Binary Search Tree)에서 삭제 연산의 경우의 수는 몇 가지인가요?',4),(45,'2024-01-23 18:11:12.000000','2024-01-23 18:11:12.000000','모든 노드 간의 연결 정보를 기록한다.','그래프의 인접 행렬과 인접 리스트 중 공간 복잡도가 높은 것은?',4),(46,'2024-01-23 18:11:12.000000','2024-01-23 18:11:12.000000','간선의 가중치를 기준으로 최소값을 빠르게 찾기 위해 사용','그래프에서 최단 경로를 찾기 위해 다익스트라 알고리즘을 사용할 때, 어떤 자료 구조를 활용해야 하는가?',4),(47,'2024-01-23 18:11:12.000000','2024-01-23 18:11:12.000000','데이터를 고정된 범위로 변환하여 효율적인 검색을 가능케 함','임의의 크기의 데이터를 고정된 크기의 값으로 매핑하여 검색이나 저장에 활용하는 함수는?',4),(48,'2024-01-23 18:11:12.000000','2024-01-23 18:11:12.000000','검색 범위를 반으로 나누어가면서 원하는 값을 찾아 나갑니다.','정렬된 배열에서 중간값을 통해 반씩 나누어가며 특정 값을 찾는 알고리즘으로 O(log n)의 시간복잡도를 갖는 탐색 알고리즘은?',4),(49,'2024-01-23 18:11:12.000000','2024-01-23 18:11:12.000000','스택 또는 재귀를 사용하여 구현되며, 한 경로의 끝까지 탐색 후 다른 경로로 탐색 진행','그래프의 너비 우선 탐색(BFS)과 깊이 우선 탐색(DFS) 중에서 스택(Stack)을 사용하는 알고리즘은 무엇인가요?',4),(50,'2024-01-23 18:11:12.000000','2024-01-23 18:11:12.000000','중앙처리장치와 같은 공용자원을 나누어 사용하는 것','운영체제에서 여러 응용 프로그램이 동시에 실행되는 환경을 제공하는 기능은 무엇인가요?',6),(51,'2024-01-23 18:11:12.000000','2024-01-23 18:11:12.000000','프로세스의 가상 메모리 주소 공간에 파일을 매핑한 뒤 가상 메모리 주소에 직접 접근하는 것으로 파일 읽기/쓰기를 대신하는 것','프로세스 간의 통신을 위한 메커니즘 중 하나로, 특정한 공유 메모리 영역을 만들어 데이터를 공유하는 기술은 무엇인가요?',6),(52,'2024-01-23 18:11:12.000000','2024-01-23 18:11:12.000000','자원을 최대한 공평하게 배분하며 처리율과 CPU 이용률을 증가시키고, 오버헤드, 응답시간(Response time / Turnaround time), 대기시간을 최소화하기 위한 기법','운영체제에서 실행 중인 프로그램을 효율적으로 관리하고, 필요에 따라 중단하거나 다시 시작하는 기능은 무엇인가요?',6),(53,'2024-01-23 18:11:12.000000','2024-01-23 18:11:12.000000','하드 디스크, SSD 등의 보조 기억 장치에 파일을 저장하고 관리하는 것.','데이터를 저장하고 검색하기 위한 파일과 디렉터리의 조직체계를 관리하는 시스템 소프트웨어입니다. 파일의 생성, 삭제, 읽기, 쓰기 등의 동작을 제어합니다.',6),(54,'2024-01-23 18:11:12.000000','2024-01-23 18:11:12.000000','명령어 해석기라고도 부르며 윈도우의 cmd, linux/unix의 bash 가 대표적인 예이다.','사용자가 운영체제와 상호작용하기 위한 텍스트 또는 그래픽 기반의 인터페이스를 제공하는 소프트웨어는 무엇인가요?',6),(55,'2024-01-23 18:11:12.000000','2024-01-23 18:11:12.000000','임계구역을 가진 스레드들의 실행시간이 서로 겹치지 않고 각각 단독으로 실행(상호배제)되도록 하는 기술','상호 배제를 위한 동기화 도구로, 공유 자원에 대한 동시 접근을 제어하여 여러 프로세스 또는 쓰레드 간의 데이터 일관성을 보장합니다.',6),(56,'2024-01-23 18:11:12.000000','2024-01-23 18:11:12.000000','운영체제의 90%를 차지하는 핵심부분으로, 운영체제 내부에서 컴퓨터의 하드웨어를 제어한다.','운영체제에서 하드웨어와 소프트웨어 간의 인터페이스 역할을 하는 중요한 계층은 무엇인가요?',6),(57,'2024-01-23 18:11:12.000000','2024-01-23 18:11:12.000000','사용하고 있는 스레드/프로세스의 수를 공통으로 관리하는 하나의 값을 이용해 상호배제를 달성하는 것','프로세스 간의 동기화와 통신을 위한 기술로, 공유 변수의 동시 접근을 제어하는 메커니즘은 무엇인가요?',6),(58,'2024-01-23 18:11:12.000000','2024-01-23 18:11:12.000000','프로세스를 작은 크기로 나누어서 외부 단편화를 해결하려고 하는 것','운영체제에서 메모리를 효율적으로 관리하기 위해 사용되는 메모리 공간 할당 기법 중 하나는 무엇인가요?',6),(59,'2024-01-23 18:11:12.000000','2024-01-23 18:11:12.000000','속도가 빠른 장치와 느린 장치간의 속도 차에 따른 병목현상을 줄이기 위한 범용 메모리','주 기억장치와 CPU 사이에 위치하여 빠른 데이터 액세스를 제공하며 컴퓨터의 전반적인 성능을 향상을 도모하는 것은?',6),(60,'2024-01-23 18:11:12.000000','2024-01-23 18:11:12.000000','한 방향으로만 삭제, 삽입이 가능하며 재귀적 알고리즘을 할 때 활용되는 자료구조입니다.','후입선출의 구조를 가지는 자료구조는 무엇인가요?',3),(61,'2024-01-23 18:11:12.000000','2024-01-23 18:11:12.000000','이 자료구조는 인덱스를 통해 순차적으로 접근할 수 있습니다.','모두 같은 데이터 타입을 가지면서, 메모리에 일렬로 저장되는 자료구조는 무엇인가요?',3),(62,'2024-01-23 18:11:12.000000','2024-01-23 18:11:12.000000','연결 리스트는 앞 노드와 연결을 끊고, 앞 노드는 바로 뒷 노드와 연결합니다. 연산에 걸리는 시간을 생각해보세요.','연결 리스트의 삽입, 삭제 연산의 시간복잡도는 얼마인가요?',3),(63,'2024-01-23 18:11:12.000000','2024-01-23 18:11:12.000000','이진 트리의 정의를 생각해보세요.','이진 트리에서 각 노드가 최대 몇 개의 자식을 가질 수 있나요? (숫자로 입력해주세요)',3),(64,'2024-01-23 18:11:12.000000','2024-01-23 18:11:12.000000','프림 알고리즘, 크루스칼 알고리즘이 이 자료구조를 찾는 데에 사용됩니다!','그래프 종류 중 하나로, 그래프의 모든 노드를 연결하면서 간선의 가중치의 합이 최소인 트리를 무엇이라 말하나요?',3),(65,'2024-01-23 18:11:12.000000','2024-01-23 18:11:12.000000','한 방향으로 노드가 치우쳐 진 트리입니다.','이진 트리의 종류 중 배열로 구현을 할 때 메모리 낭비가 가장 심한 트리는 무엇인가요?',3),(66,'2024-01-23 18:11:12.000000','2024-01-23 18:11:12.000000','이 자료구조는 우선순위 큐를 구현할 때 많이 사용합니다.','완전 이진 트리의 형태로 되어있고, 최댓값이나 최솟값을 빠르게 찾아낼 수 있는 자료구조는 무엇일까요?',3),(67,'2024-01-23 18:11:12.000000','2024-01-23 18:11:12.000000','너비 우선 탐색에서 많이 사용돼요.','선입선출의 구조를 가지고, 한 방향으로만 넣을 수 있고 한 방향으로만 뺄 수 있는 자료구조는 무엇일까요?',3),(68,'2024-01-23 18:11:12.000000','2024-01-23 18:11:12.000000','인덱스로 접근할 수 없으며, 합집합, 교집합과 같은 집합 연산을 지원하는 자료구조입니다.','중복된 원소를 허용하지 않고, 원소 간 순서가 없는 자료구조는 무엇인가요?',3),(69,'2024-01-23 18:11:12.000000','2024-01-23 18:11:12.000000','이 자료구조를 순회할 때는 주로 dfs, bfs를 사용합니다.','노드와 그 노드를 연결하는 간선을 하나로 모아놓은 자료구조로, 사이클을 가지는 것이 가능하고 부모-자식 개념이 없는 자료구조는 무엇인가요?',3);
/*!40000 ALTER TABLE `quiz` ENABLE KEYS */;
UNLOCK TABLES;

--
-- Table structure for table `quiz_answer`
--

DROP TABLE IF EXISTS `quiz_answer`;
/*!40101 SET @saved_cs_client     = @@character_set_client */;
/*!50503 SET character_set_client = utf8mb4 */;
CREATE TABLE `quiz_answer` (
  `id` int NOT NULL AUTO_INCREMENT,
  `created_at` datetime(6) DEFAULT NULL,
  `updated_at` datetime(6) DEFAULT NULL,
  `answer` varchar(255) DEFAULT NULL,
  `quiz_id` int DEFAULT NULL,
  PRIMARY KEY (`id`),
  KEY `FKoxi2td1x8cc3y4a0vlsg2hfnc` (`quiz_id`),
  CONSTRAINT `FKoxi2td1x8cc3y4a0vlsg2hfnc` FOREIGN KEY (`quiz_id`) REFERENCES `quiz` (`id`)
) ENGINE=InnoDB AUTO_INCREMENT=158 DEFAULT CHARSET=utf8mb4 COLLATE=utf8mb4_0900_ai_ci;
/*!40101 SET character_set_client = @saved_cs_client */;

--
-- Dumping data for table `quiz_answer`
--

LOCK TABLES `quiz_answer` WRITE;
/*!40000 ALTER TABLE `quiz_answer` DISABLE KEYS */;
INSERT INTO `quiz_answer` VALUES (1,'2024-02-15 13:25:08.000000','2024-02-15 13:25:08.000000','기본 키',1),(2,'2024-02-15 13:25:08.000000','2024-02-15 13:25:08.000000','프라이머리 키',1),(3,'2024-02-15 13:25:08.000000','2024-02-15 13:25:08.000000','Primary Key',1),(4,'2024-02-15 13:25:08.000000','2024-02-15 13:25:08.000000','PK',1),(5,'2024-02-15 13:25:08.000000','2024-02-15 13:25:08.000000','테이블',2),(6,'2024-02-15 13:25:08.000000','2024-02-15 13:25:08.000000','Table',2),(7,'2024-02-15 13:25:08.000000','2024-02-15 13:25:08.000000','외래 키',3),(8,'2024-02-15 13:25:08.000000','2024-02-15 13:25:08.000000','Foreign Key',3),(9,'2024-02-15 13:25:08.000000','2024-02-15 13:25:08.000000','FK',3),(10,'2024-02-15 13:25:08.000000','2024-02-15 13:25:08.000000','인덱스',4),(11,'2024-02-15 13:25:08.000000','2024-02-15 13:25:08.000000','Index',4),(12,'2024-02-15 13:25:08.000000','2024-02-15 13:25:08.000000','트랜잭션',5),(13,'2024-02-15 13:25:08.000000','2024-02-15 13:25:08.000000','Transaction',5),(14,'2024-02-15 13:25:08.000000','2024-02-15 13:25:08.000000','스키마',6),(15,'2024-02-15 13:25:08.000000','2024-02-15 13:25:08.000000','Schema',6),(16,'2024-02-15 13:25:08.000000','2024-02-15 13:25:08.000000','정규화',7),(17,'2024-02-15 13:25:08.000000','2024-02-15 13:25:08.000000','Normalization',7),(18,'2024-02-15 13:25:08.000000','2024-02-15 13:25:08.000000','뷰',8),(19,'2024-02-15 13:25:08.000000','2024-02-15 13:25:08.000000','View',8),(20,'2024-02-15 13:25:08.000000','2024-02-15 13:25:08.000000','SQL',9),(21,'2024-02-15 13:25:08.000000','2024-02-15 13:25:08.000000','Structured Query Language',9),(22,'2024-02-15 13:25:08.000000','2024-02-15 13:25:08.000000','트리거',10),(23,'2024-02-15 13:25:08.000000','2024-02-15 13:25:08.000000','Trigger',10),(24,'2024-02-15 13:25:08.000000','2024-02-15 13:25:08.000000','라우터',11),(25,'2024-02-15 13:25:08.000000','2024-02-15 13:25:08.000000','Router',11),(26,'2024-02-15 13:25:08.000000','2024-02-15 13:25:08.000000','방화벽',12),(27,'2024-02-15 13:25:08.000000','2024-02-15 13:25:08.000000','파이어월',12),(28,'2024-02-15 13:25:08.000000','2024-02-15 13:25:08.000000','Firewall',12),(29,'2024-02-15 13:25:08.000000','2024-02-15 13:25:08.000000','서버',13),(30,'2024-02-15 13:25:08.000000','2024-02-15 13:25:08.000000','Server',13),(31,'2024-02-15 13:25:08.000000','2024-02-15 13:25:08.000000','와이파이',14),(32,'2024-02-15 13:25:08.000000','2024-02-15 13:25:08.000000','Wireless Fidelity',14),(33,'2024-02-15 13:25:08.000000','2024-02-15 13:25:08.000000','Wi-Fi',14),(34,'2024-02-15 13:25:08.000000','2024-02-15 13:25:08.000000','WiFi',14),(35,'2024-02-15 13:25:08.000000','2024-02-15 13:25:08.000000','SSH',15),(36,'2024-02-15 13:25:08.000000','2024-02-15 13:25:08.000000','Secure Shell',15),(37,'2024-02-15 13:25:08.000000','2024-02-15 13:25:08.000000','TCP',16),(38,'2024-02-15 13:25:08.000000','2024-02-15 13:25:08.000000','Transmission Control Protocol',16),(39,'2024-02-15 13:25:08.000000','2024-02-15 13:25:08.000000','IP',17),(40,'2024-02-15 13:25:08.000000','2024-02-15 13:25:08.000000','Internet Protocol',17),(41,'2024-02-15 13:25:08.000000','2024-02-15 13:25:08.000000','게이트웨이',18),(42,'2024-02-15 13:25:08.000000','2024-02-15 13:25:08.000000','Gateway',18),(43,'2024-02-15 13:25:08.000000','2024-02-15 13:25:08.000000','MAC 주소',19),(44,'2024-02-15 13:25:08.000000','2024-02-15 13:25:08.000000','MAC',19),(45,'2024-02-15 13:25:08.000000','2024-02-15 13:25:08.000000','MAC Address',19),(46,'2024-02-15 13:25:08.000000','2024-02-15 13:25:08.000000','브리지',20),(47,'2024-02-15 13:25:08.000000','2024-02-15 13:25:08.000000','Bridge',20),(48,'2024-02-15 13:25:08.000000','2024-02-15 13:25:08.000000','UDP',21),(49,'2024-02-15 13:25:08.000000','2024-02-15 13:25:08.000000','User Datagram Protocol',21),(50,'2024-02-15 13:25:08.000000','2024-02-15 13:25:08.000000','웹 서버',22),(51,'2024-02-15 13:25:08.000000','2024-02-15 13:25:08.000000','Web Server',22),(52,'2024-02-15 13:25:08.000000','2024-02-15 13:25:08.000000','Web 서버',22),(53,'2024-02-15 13:25:08.000000','2024-02-15 13:25:08.000000','웹 Server',22),(54,'2024-02-15 13:25:08.000000','2024-02-15 13:25:08.000000','FTP',23),(55,'2024-02-15 13:25:08.000000','2024-02-15 13:25:08.000000','File Transfer Protocol',23),(56,'2024-02-15 13:25:08.000000','2024-02-15 13:25:08.000000','블루투스',24),(57,'2024-02-15 13:25:08.000000','2024-02-15 13:25:08.000000','Bluetooth',24),(58,'2024-02-15 13:25:08.000000','2024-02-15 13:25:08.000000','서브넷 마스크',25),(59,'2024-02-15 13:25:08.000000','2024-02-15 13:25:08.000000','Subnet Mask',25),(60,'2024-02-15 13:25:08.000000','2024-02-15 13:25:08.000000','DNS',26),(61,'2024-02-15 13:25:08.000000','2024-02-15 13:25:08.000000','Domain Name System',26),(62,'2024-02-15 13:25:08.000000','2024-02-15 13:25:08.000000','VPN',27),(63,'2024-02-15 13:25:08.000000','2024-02-15 13:25:08.000000','Virtual Private Network',27),(64,'2024-02-15 13:25:08.000000','2024-02-15 13:25:08.000000','LAN',28),(65,'2024-02-15 13:25:08.000000','2024-02-15 13:25:08.000000','Local Area Network',28),(66,'2024-02-15 13:25:08.000000','2024-02-15 13:25:08.000000','WAN',29),(67,'2024-02-15 13:25:08.000000','2024-02-15 13:25:08.000000','Wide Area Network',29),(68,'2024-02-15 13:25:08.000000','2024-02-15 13:25:08.000000','제어 유닛',30),(69,'2024-02-15 13:25:08.000000','2024-02-15 13:25:08.000000','Control Unit',30),(70,'2024-02-15 13:25:08.000000','2024-02-15 13:25:08.000000','시스템 버스',31),(71,'2024-02-15 13:25:08.000000','2024-02-15 13:25:08.000000','System Bus',31),(72,'2024-02-15 13:25:08.000000','2024-02-15 13:25:08.000000','캐시',32),(73,'2024-02-15 13:25:08.000000','2024-02-15 13:25:08.000000','Cache',32),(74,'2024-02-15 13:25:08.000000','2024-02-15 13:25:08.000000','명령어 세트',33),(75,'2024-02-15 13:25:08.000000','2024-02-15 13:25:08.000000','Instruction Set',33),(76,'2024-02-15 13:25:08.000000','2024-02-15 13:25:08.000000','시스템 클럭',34),(77,'2024-02-15 13:25:08.000000','2024-02-15 13:25:08.000000','System Clock',34),(78,'2024-02-15 13:25:08.000000','2024-02-15 13:25:08.000000','파이프라인',35),(79,'2024-02-15 13:25:08.000000','2024-02-15 13:25:08.000000','Pipeline',35),(80,'2024-02-15 13:25:08.000000','2024-02-15 13:25:08.000000','레지스터',36),(81,'2024-02-15 13:25:08.000000','2024-02-15 13:25:08.000000','Register',36),(82,'2024-02-15 13:25:08.000000','2024-02-15 13:25:08.000000','펌웨어',37),(83,'2024-02-15 13:25:08.000000','2024-02-15 13:25:08.000000','Firmware',37),(84,'2024-02-15 13:25:08.000000','2024-02-15 13:25:08.000000','인터럽트',38),(85,'2024-02-15 13:25:08.000000','2024-02-15 13:25:08.000000','Interrupt',38),(86,'2024-02-15 13:25:08.000000','2024-02-15 13:25:08.000000','메모리',39),(87,'2024-02-15 13:25:08.000000','2024-02-15 13:25:08.000000','Memory',39),(88,'2024-02-15 13:25:08.000000','2024-02-15 13:25:08.000000','버블 소트',40),(89,'2024-02-15 13:25:08.000000','2024-02-15 13:25:08.000000','Bubble Sort',40),(90,'2024-02-15 13:25:08.000000','2024-02-15 13:25:08.000000','다이나믹 프로그래밍',41),(91,'2024-02-15 13:25:08.000000','2024-02-15 13:25:08.000000','Dynamic Programming',41),(92,'2024-02-15 13:25:08.000000','2024-02-15 13:25:08.000000','동적 계획법',41),(93,'2024-02-15 13:25:08.000000','2024-02-15 13:25:08.000000','Dynamic Programming',41),(94,'2024-02-15 13:25:08.000000','2024-02-15 13:25:08.000000','DP',41),(95,'2024-02-15 13:25:08.000000','2024-02-15 13:25:08.000000','크루스칼',42),(96,'2024-02-15 13:25:08.000000','2024-02-15 13:25:08.000000','Kruskal',42),(97,'2024-02-15 13:25:08.000000','2024-02-15 13:25:08.000000','크루스칼 알고리즘',42),(98,'2024-02-15 13:25:08.000000','2024-02-15 13:25:08.000000','Kruskal Algorithm',42),(99,'2024-02-15 13:25:08.000000','2024-02-15 13:25:08.000000','<<',43),(100,'2024-02-15 13:25:08.000000','2024-02-15 13:25:08.000000','3',44),(101,'2024-02-15 13:25:08.000000','2024-02-15 13:25:08.000000','인접 행렬',45),(102,'2024-02-15 13:25:08.000000','2024-02-15 13:25:08.000000','우선순위 큐',46),(103,'2024-02-15 13:25:08.000000','2024-02-15 13:25:08.000000','Priority Queue',46),(104,'2024-02-15 13:25:08.000000','2024-02-15 13:25:08.000000','해시',47),(105,'2024-02-15 13:25:08.000000','2024-02-15 13:25:08.000000','해쉬',47),(106,'2024-02-15 13:25:08.000000','2024-02-15 13:25:08.000000','해시 함수',47),(107,'2024-02-15 13:25:08.000000','2024-02-15 13:25:08.000000','해쉬 함수',47),(108,'2024-02-15 13:25:08.000000','2024-02-15 13:25:08.000000','Hash Function',47),(109,'2024-02-15 13:25:08.000000','2024-02-15 13:25:08.000000','Hash',47),(110,'2024-02-15 13:25:08.000000','2024-02-15 13:25:08.000000','이진 탐색',48),(111,'2024-02-15 13:25:08.000000','2024-02-15 13:25:08.000000','Binary Search',48),(112,'2024-02-15 13:25:08.000000','2024-02-15 13:25:08.000000','깊이 우선 탐색',49),(113,'2024-02-15 13:25:08.000000','2024-02-15 13:25:08.000000','DFS',49),(114,'2024-02-15 13:25:08.000000','2024-02-15 13:25:08.000000','다중 작업',50),(115,'2024-02-15 13:25:08.000000','2024-02-15 13:25:08.000000','Multitasking',50),(116,'2024-02-15 13:25:08.000000','2024-02-15 13:25:08.000000','메모리 맵 파일',51),(117,'2024-02-15 13:25:08.000000','2024-02-15 13:25:08.000000','Memory-Mapped File',51),(118,'2024-02-15 13:25:08.000000','2024-02-15 13:25:08.000000','스케줄링',52),(119,'2024-02-15 13:25:08.000000','2024-02-15 13:25:08.000000','Scheduling',52),(120,'2024-02-15 13:25:08.000000','2024-02-15 13:25:08.000000','파일 시스템',53),(121,'2024-02-15 13:25:08.000000','2024-02-15 13:25:08.000000','File System',53),(122,'2024-02-15 13:25:08.000000','2024-02-15 13:25:08.000000','셸',54),(123,'2024-02-15 13:25:08.000000','2024-02-15 13:25:08.000000','Shell',54),(124,'2024-02-15 13:25:08.000000','2024-02-15 13:25:08.000000','뮤텍스',55),(125,'2024-02-15 13:25:08.000000','2024-02-15 13:25:08.000000','Mutex',55),(126,'2024-02-15 13:25:08.000000','2024-02-15 13:25:08.000000','커널',56),(127,'2024-02-15 13:25:08.000000','2024-02-15 13:25:08.000000','Kernel',56),(128,'2024-02-15 13:25:08.000000','2024-02-15 13:25:08.000000','세마포어',57),(129,'2024-02-15 13:25:08.000000','2024-02-15 13:25:08.000000','Semaphore',57),(130,'2024-02-15 13:25:08.000000','2024-02-15 13:25:08.000000','페이징',58),(131,'2024-02-15 13:25:08.000000','2024-02-15 13:25:08.000000','Paging',58),(132,'2024-02-15 13:25:08.000000','2024-02-15 13:25:08.000000','캐시 메모리',59),(133,'2024-02-15 13:25:08.000000','2024-02-15 13:25:08.000000','Cache Memory',59),(134,'2024-02-15 13:25:08.000000','2024-02-15 13:25:08.000000','캐시',59),(135,'2024-02-15 13:25:08.000000','2024-02-15 13:25:08.000000','Cache',59),(136,'2024-02-15 13:25:08.000000','2024-02-15 13:25:08.000000','스택',60),(137,'2024-02-15 13:25:08.000000','2024-02-15 13:25:08.000000','Stack',60),(138,'2024-02-15 13:25:08.000000','2024-02-15 13:25:08.000000','배열',61),(139,'2024-02-15 13:25:08.000000','2024-02-15 13:25:08.000000','Array',61),(140,'2024-02-15 13:25:08.000000','2024-02-15 13:25:08.000000','O(1)',62),(141,'2024-02-15 13:25:08.000000','2024-02-15 13:25:08.000000','o(1)',62),(142,'2024-02-15 13:25:08.000000','2024-02-15 13:25:08.000000','1',62),(143,'2024-02-15 13:25:08.000000','2024-02-15 13:25:08.000000','2',63),(144,'2024-02-15 13:25:08.000000','2024-02-15 13:25:08.000000','최소 신장 트리',64),(145,'2024-02-15 13:25:08.000000','2024-02-15 13:25:08.000000','MST',64),(146,'2024-02-15 13:25:08.000000','2024-02-15 13:25:08.000000','Minimum Spanning Tree',64),(147,'2024-02-15 13:25:08.000000','2024-02-15 13:25:08.000000','편향 이진 트리',65),(148,'2024-02-15 13:25:08.000000','2024-02-15 13:25:08.000000','Skewed Binary Tree',65),(149,'2024-02-15 13:25:08.000000','2024-02-15 13:25:08.000000','힙',66),(150,'2024-02-15 13:25:08.000000','2024-02-15 13:25:08.000000','Heap',66),(151,'2024-02-15 13:25:08.000000','2024-02-15 13:25:08.000000','큐',67),(152,'2024-02-15 13:25:08.000000','2024-02-15 13:25:08.000000','Queue',67),(153,'2024-02-15 13:25:08.000000','2024-02-15 13:25:08.000000','Set',68),(154,'2024-02-15 13:25:08.000000','2024-02-15 13:25:08.000000','셋',68),(155,'2024-02-15 13:25:08.000000','2024-02-15 13:25:08.000000','집합',68),(156,'2024-02-15 13:25:08.000000','2024-02-15 13:25:08.000000','그래프',69),(157,'2024-02-15 13:25:08.000000','2024-02-15 13:25:08.000000','Graph',69);
/*!40000 ALTER TABLE `quiz_answer` ENABLE KEYS */;
UNLOCK TABLES;

--
-- Table structure for table `ranker`
--

DROP TABLE IF EXISTS `ranker`;
/*!40101 SET @saved_cs_client     = @@character_set_client */;
/*!50503 SET character_set_client = utf8mb4 */;
CREATE TABLE `ranker` (
  `id` int NOT NULL AUTO_INCREMENT,
  `created_at` datetime(6) DEFAULT NULL,
  `updated_at` datetime(6) DEFAULT NULL,
  `member_id` varchar(255) DEFAULT NULL,
  `nickname` varchar(255) DEFAULT NULL,
  `point` int DEFAULT NULL,
  `tier` varchar(255) DEFAULT NULL,
  PRIMARY KEY (`id`)
) ENGINE=InnoDB DEFAULT CHARSET=utf8mb4 COLLATE=utf8mb4_0900_ai_ci;
/*!40101 SET character_set_client = @saved_cs_client */;

--
-- Dumping data for table `ranker`
--

LOCK TABLES `ranker` WRITE;
/*!40000 ALTER TABLE `ranker` DISABLE KEYS */;
/*!40000 ALTER TABLE `ranker` ENABLE KEYS */;
UNLOCK TABLES;

--
-- Table structure for table `score_history`
--

DROP TABLE IF EXISTS `score_history`;
/*!40101 SET @saved_cs_client     = @@character_set_client */;
/*!50503 SET character_set_client = utf8mb4 */;
CREATE TABLE `score_history` (
  `id` int NOT NULL AUTO_INCREMENT,
  `created_at` datetime(6) DEFAULT NULL,
  `updated_at` datetime(6) DEFAULT NULL,
  `score` int NOT NULL,
  `category_id` int DEFAULT NULL,
  `member_id` int DEFAULT NULL,
  PRIMARY KEY (`id`),
  KEY `FK1a8hu7ckhsl4qo2jlabu0myqp` (`member_id`),
  KEY `FKr0dx1ualdko25ur8j1c9k6ika` (`category_id`),
  CONSTRAINT `FK1a8hu7ckhsl4qo2jlabu0myqp` FOREIGN KEY (`member_id`) REFERENCES `member` (`id`) ON DELETE CASCADE,
  CONSTRAINT `FKr0dx1ualdko25ur8j1c9k6ika` FOREIGN KEY (`category_id`) REFERENCES `category` (`id`) ON DELETE SET NULL
) ENGINE=InnoDB AUTO_INCREMENT=117 DEFAULT CHARSET=utf8mb4 COLLATE=utf8mb4_0900_ai_ci;
/*!40101 SET character_set_client = @saved_cs_client */;

--
-- Dumping data for table `score_history`
--

LOCK TABLES `score_history` WRITE;
/*!40000 ALTER TABLE `score_history` DISABLE KEYS */;
INSERT INTO `score_history` VALUES (1,'2024-02-02 10:20:54.000000','2024-02-02 10:20:55.000000',0,1,1),(2,'2024-02-02 10:21:36.000000','2024-02-02 10:21:42.000000',2,2,1),(3,'2024-02-02 10:21:54.000000','2024-02-02 10:21:55.000000',1,2,1),(4,'2024-02-04 10:22:05.000000','2024-02-04 10:22:05.000000',10,3,1),(5,'2024-02-03 10:22:17.000000','2024-02-03 10:22:17.000000',20,3,1),(6,'2024-02-02 10:22:25.000000','2024-02-02 10:22:26.000000',30,3,1),(7,'2024-02-02 10:22:33.000000','2024-02-02 10:22:34.000000',40,3,1),(8,'2024-02-02 10:22:44.000000','2024-02-02 10:22:45.000000',50,3,1),(9,'2024-02-02 10:23:44.000000','2024-02-02 10:23:45.000000',60,3,1),(10,'2024-02-02 10:25:45.000000','2024-02-02 10:25:46.000000',100,4,1),(11,'2024-02-08 09:36:49.000000','2024-02-08 09:36:49.000000',100,5,1),(12,'2024-02-07 09:36:49.000000','2024-02-08 09:36:49.000000',59,5,1),(13,'2024-02-06 09:36:49.000000','2024-02-08 09:36:49.000000',19,5,1),(14,'2024-02-05 09:36:49.000000','2024-02-08 09:36:49.000000',20,5,1),(15,'2024-02-04 09:36:49.000000','2024-02-08 09:36:49.000000',82,5,1),(16,'2024-02-03 09:36:49.000000','2024-02-08 09:36:49.000000',33,5,1),(17,'2024-02-02 09:36:49.000000','2024-02-08 09:36:49.000000',0,5,1),(18,'2024-02-02 18:05:48.000000','2024-02-11 18:05:24.000000',100,5,1),(19,'2024-02-01 18:14:53.000000','2024-02-01 18:14:53.000000',22,5,1),(20,'2024-02-15 04:45:43.729735','2024-02-15 04:45:43.729735',0,5,7),(21,'2024-02-15 04:51:17.438371','2024-02-15 04:51:17.438371',30,1,7),(22,'2024-02-15 04:53:44.211669','2024-02-15 04:53:44.211669',100,1,10),(23,'2024-02-15 04:53:59.339233','2024-02-15 04:53:59.339233',90,1,11),(24,'2024-02-15 04:56:42.850522','2024-02-15 04:56:42.850522',50,4,11),(25,'2024-02-15 04:58:11.430979','2024-02-15 04:58:11.430979',40,3,11),(26,'2024-02-15 05:01:00.980526','2024-02-15 05:01:00.980526',40,4,14),(27,'2024-02-15 05:04:57.976782','2024-02-15 05:04:57.976782',80,1,7),(28,'2024-02-15 05:14:42.648010','2024-02-15 05:14:42.648010',10,1,7),(29,'2024-02-15 14:52:30.739193','2024-02-15 14:52:30.739193',100,1,12),(30,'2024-02-15 14:57:29.369730','2024-02-15 14:57:29.369730',10,1,15),(31,'2024-02-15 14:59:40.794914','2024-02-15 14:59:40.794914',0,1,15),(32,'2024-02-15 15:01:18.122126','2024-02-15 15:01:18.122126',0,1,15),(33,'2024-02-15 15:01:59.648587','2024-02-15 15:01:59.648587',0,1,15),(34,'2024-02-15 15:03:54.516486','2024-02-15 15:03:54.516486',0,1,15),(35,'2024-02-15 15:05:11.204959','2024-02-15 15:05:11.204959',100,1,15),(36,'2024-02-15 15:06:06.957744','2024-02-15 15:06:06.957744',30,6,13),(37,'2024-02-15 15:10:19.991362','2024-02-15 15:10:19.991362',0,1,15),(38,'2024-02-15 15:12:31.401048','2024-02-15 15:12:31.401048',100,1,16),(39,'2024-02-15 15:14:24.466693','2024-02-15 15:14:24.466693',0,1,16),(40,'2024-02-15 15:15:51.086265','2024-02-15 15:15:51.086265',100,1,17),(42,'2024-02-15 15:26:01.423301','2024-02-15 15:26:01.423301',100,1,20),(43,'2024-02-15 15:30:00.903835','2024-02-15 15:30:00.903835',0,6,13),(45,'2024-02-15 16:33:08.817603','2024-02-15 16:33:08.817603',80,3,13),(46,'2024-02-15 16:34:51.339966','2024-02-15 16:34:51.339966',100,1,13),(47,'2024-02-15 18:38:44.527150','2024-02-15 18:38:44.527150',0,1,13),(48,'2024-02-15 18:41:24.546745','2024-02-15 18:41:24.546745',0,1,13),(49,'2024-02-15 18:42:25.174489','2024-02-15 18:42:25.174489',10,1,13),(50,'2024-02-15 18:43:41.727733','2024-02-15 18:43:41.727733',0,1,13),(51,'2024-02-15 21:09:56.829901','2024-02-15 21:09:56.829901',100,1,24),(52,'2024-02-15 21:25:40.396507','2024-02-15 21:25:40.396507',60,4,24),(53,'2024-02-15 21:30:11.736426','2024-02-15 21:30:11.736426',80,1,24),(54,'2024-02-15 21:35:11.428840','2024-02-15 21:35:11.428840',0,1,15),(55,'2024-02-15 21:38:45.477230','2024-02-15 21:38:45.477230',0,1,15),(56,'2024-02-15 21:39:05.099450','2024-02-15 21:39:05.099450',80,2,24),(57,'2024-02-15 21:41:50.222940','2024-02-15 21:41:50.222940',0,1,15),(58,'2024-02-15 21:42:49.502786','2024-02-15 21:42:49.502786',0,1,15),(59,'2024-02-15 21:43:47.661362','2024-02-15 21:43:47.661362',0,1,15),(60,'2024-02-16 00:11:34.362083','2024-02-16 00:11:34.362083',40,1,10),(61,'2024-02-14 00:39:10.235000','2024-02-14 00:39:10.235000',50,1,26),(62,'2024-02-16 02:20:14.670753','2024-02-16 02:20:14.670753',30,1,27),(63,'2024-02-16 02:42:24.806642','2024-02-16 02:42:24.806642',60,3,28),(64,'2024-02-16 02:43:43.809490','2024-02-16 02:43:43.809490',80,4,28),(65,'2024-02-14 02:56:19.480000','2024-02-14 02:56:19.480000',30,4,26),(66,'2024-02-14 02:57:28.294000','2024-02-14 02:57:28.294000',30,2,26),(67,'2024-02-14 02:58:26.497000','2024-02-14 02:58:26.497000',30,5,26),(68,'2024-02-14 02:59:01.427000','2024-02-14 02:59:01.427000',30,3,26),(69,'2024-02-14 03:00:16.107000','2024-02-14 03:00:16.107000',0,6,26),(70,'2024-02-15 03:07:56.399000','2024-02-15 03:07:56.399000',30,1,26),(71,'2024-02-15 03:09:27.996000','2024-02-15 03:09:27.996000',40,4,26),(72,'2024-02-15 03:11:23.609000','2024-02-15 03:11:23.609000',20,6,26),(73,'2024-02-15 03:11:50.251000','2024-02-15 03:11:50.251000',0,5,26),(74,'2024-02-15 03:13:16.351000','2024-02-15 03:13:16.351000',20,2,26),(75,'2024-02-15 03:14:13.837000','2024-02-15 03:14:13.837000',40,3,26),(76,'2024-02-05 03:17:43.955000','2024-02-05 03:17:43.955000',0,1,26),(77,'2024-02-05 03:18:19.850000','2024-02-05 03:18:19.850000',10,4,26),(78,'2024-02-05 03:19:57.814000','2024-02-05 03:19:57.814000',10,2,26),(79,'2024-02-05 03:20:53.051000','2024-02-05 03:20:53.051000',20,5,26),(80,'2024-02-05 03:21:35.133000','2024-02-05 03:21:35.133000',50,3,26),(81,'2024-02-05 03:22:05.401000','2024-02-05 03:22:05.401000',0,6,26),(82,'2024-02-04 03:36:01.295000','2024-02-04 03:36:01.295000',100,1,26),(83,'2024-02-04 03:37:09.042000','2024-02-04 03:37:09.042000',20,4,26),(84,'2024-02-04 03:38:02.950000','2024-02-04 03:38:02.950000',20,2,26),(85,'2024-02-04 03:38:53.627000','2024-02-04 03:38:53.627000',20,5,26),(86,'2024-02-04 03:42:23.966000','2024-02-04 03:42:23.966000',40,3,26),(87,'2024-02-04 03:42:57.923000','2024-02-04 00:00:00.004000',20,6,26),(88,'2023-12-26 03:25:41.000000','2023-12-26 03:25:41.000000',10,1,26),(89,'2023-12-26 03:25:41.000000','2023-12-26 03:25:41.000000',20,4,26),(90,'2023-12-26 03:25:41.000000','2023-12-26 03:25:41.000000',30,2,26),(91,'2023-12-26 03:25:41.000000','2023-12-26 03:25:41.000000',50,5,26),(92,'2023-12-26 03:25:41.000000','2023-12-26 03:25:41.000000',60,3,26),(93,'2023-12-26 03:25:41.000000','2023-12-26 03:25:41.000000',30,6,26),(94,'2024-02-12 04:09:20.706000','2024-02-12 04:09:20.706000',70,1,29),(95,'2024-02-12 04:09:20.706000','2024-02-12 04:09:20.706000',50,4,29),(96,'2024-02-12 04:09:20.706000','2024-02-12 04:09:20.706000',60,2,29),(97,'2024-02-12 04:09:20.706000','2024-02-12 04:09:20.706000',20,5,29),(98,'2024-02-12 04:09:20.706000','2024-02-12 04:09:20.706000',70,3,29),(99,'2024-02-12 04:09:20.706000','2024-02-12 04:09:20.706000',20,6,29),(100,'2024-02-15 04:37:11.311000','2024-02-15 04:37:11.311000',70,1,29),(101,'2024-02-15 04:37:11.311000','2024-02-15 04:37:11.311000',20,4,29),(102,'2024-02-15 04:37:11.311000','2024-02-15 04:37:11.311000',50,2,29),(103,'2024-02-15 04:37:11.311000','2024-02-15 04:37:11.311000',30,5,29),(104,'2024-02-15 04:37:11.311000','2024-02-15 04:37:11.311000',80,3,29),(105,'2024-02-15 04:37:11.311000','2024-02-15 04:37:11.311000',10,6,29),(106,'2024-02-16 10:00:12.446527','2024-02-16 10:00:12.446527',100,1,15),(107,'2024-02-16 10:06:36.801530','2024-02-16 10:06:36.801530',100,1,15),(108,'2024-02-16 10:08:28.930319','2024-02-16 10:08:28.930319',0,1,15),(109,'2024-02-16 10:10:20.042482','2024-02-16 10:10:20.042482',90,1,15),(110,'2024-02-16 10:12:19.383521','2024-02-16 10:12:19.383521',100,1,7),(111,'2024-02-16 10:15:02.098916','2024-02-16 10:15:02.098916',100,1,17),(112,'2024-02-16 10:24:00.217313','2024-02-16 10:24:00.217313',90,1,7),(115,'2024-02-16 10:29:24.769243','2024-02-16 10:29:24.769243',100,1,34),(116,'2024-02-16 10:37:10.089301','2024-02-16 10:37:10.089301',100,1,13);
/*!40000 ALTER TABLE `score_history` ENABLE KEYS */;
UNLOCK TABLES;

--
-- Table structure for table `solved_quiz`
--

DROP TABLE IF EXISTS `solved_quiz`;
/*!40101 SET @saved_cs_client     = @@character_set_client */;
/*!50503 SET character_set_client = utf8mb4 */;
CREATE TABLE `solved_quiz` (
  `id` int NOT NULL AUTO_INCREMENT,
  `created_at` datetime(6) DEFAULT NULL,
  `updated_at` datetime(6) DEFAULT NULL,
  `correct_count` int NOT NULL,
  `failed_count` int NOT NULL,
  `member_id` int DEFAULT NULL,
  `quiz_id` int DEFAULT NULL,
  PRIMARY KEY (`id`),
  KEY `FKchrd6u487q2kp9bdtpovwkfuy` (`member_id`),
  KEY `FKd2dl1knx9bewqq906vfiye41y` (`quiz_id`),
  CONSTRAINT `FKchrd6u487q2kp9bdtpovwkfuy` FOREIGN KEY (`member_id`) REFERENCES `member` (`id`) ON DELETE CASCADE,
  CONSTRAINT `FKd2dl1knx9bewqq906vfiye41y` FOREIGN KEY (`quiz_id`) REFERENCES `quiz` (`id`) ON DELETE CASCADE
) ENGINE=InnoDB AUTO_INCREMENT=406 DEFAULT CHARSET=utf8mb4 COLLATE=utf8mb4_0900_ai_ci;
/*!40101 SET character_set_client = @saved_cs_client */;

--
-- Dumping data for table `solved_quiz`
--

LOCK TABLES `solved_quiz` WRITE;
/*!40000 ALTER TABLE `solved_quiz` DISABLE KEYS */;
INSERT INTO `solved_quiz` VALUES (1,'2024-01-31 17:48:00.000000','2024-01-31 17:48:01.000000',0,3,1,1),(2,'2024-01-31 17:48:00.000000','2024-01-31 17:48:01.000000',0,3,1,2),(3,'2024-01-31 17:48:00.000000','2024-01-31 17:48:01.000000',0,3,1,11),(4,'2024-01-31 17:48:00.000000','2024-01-31 17:48:01.000000',2,3,1,12),(5,'2024-01-31 17:48:00.000000','2024-01-31 17:48:01.000000',4,3,1,13),(6,'2024-01-31 17:48:00.000000','2024-01-31 17:48:01.000000',1,3,1,51),(7,'2024-01-31 17:48:00.000000','2024-01-31 17:48:01.000000',2,3,1,52),(8,'2024-01-31 17:48:00.000000','2024-01-31 17:48:01.000000',3,3,1,53),(9,'2024-01-31 17:48:00.000000','2024-01-31 17:48:01.000000',4,3,1,54),(10,'2024-01-31 17:48:00.000000','2024-01-31 17:48:01.000000',5,3,1,55),(11,'2024-02-15 04:45:43.368864','2024-02-15 04:45:43.368864',0,1,7,33),(12,'2024-02-15 04:45:43.423998','2024-02-15 04:45:43.423998',0,1,7,34),(13,'2024-02-15 04:45:43.460050','2024-02-15 04:45:43.460050',0,1,7,35),(14,'2024-02-15 04:45:43.494400','2024-02-15 04:45:43.494400',0,1,7,36),(15,'2024-02-15 04:45:43.533871','2024-02-15 04:45:43.533871',0,1,7,37),(16,'2024-02-15 04:45:43.572499','2024-02-15 04:45:43.572499',0,1,7,38),(17,'2024-02-15 04:45:43.605683','2024-02-15 04:45:43.605683',0,1,7,39),(18,'2024-02-15 04:45:43.637176','2024-02-15 04:45:43.637176',0,1,7,30),(19,'2024-02-15 04:45:43.670865','2024-02-15 04:45:43.670865',0,1,7,31),(20,'2024-02-15 04:45:43.702435','2024-02-15 04:45:43.702435',0,1,7,32),(21,'2024-02-15 04:51:16.887370','2024-02-16 10:24:00.008017',1,4,7,1),(22,'2024-02-15 04:51:16.956329','2024-02-16 10:24:00.021477',3,2,7,2),(23,'2024-02-15 04:51:17.000165','2024-02-16 10:24:00.043634',2,3,7,3),(24,'2024-02-15 04:51:17.060147','2024-02-16 10:24:00.068257',5,0,7,4),(25,'2024-02-15 04:51:17.214314','2024-02-16 10:24:00.089615',4,1,7,5),(26,'2024-02-15 04:51:17.268049','2024-02-16 10:24:00.112369',3,2,7,6),(27,'2024-02-15 04:51:17.307729','2024-02-16 10:24:00.134939',4,1,7,7),(28,'2024-02-15 04:51:17.349020','2024-02-16 10:24:00.159372',3,2,7,8),(29,'2024-02-15 04:51:17.377597','2024-02-16 10:24:00.181311',3,2,7,9),(30,'2024-02-15 04:51:17.411397','2024-02-16 10:24:00.200932',3,2,7,10),(31,'2024-02-15 04:53:43.910629','2024-02-16 00:11:34.005758',1,1,10,1),(32,'2024-02-15 04:53:43.942647','2024-02-16 00:11:34.075595',1,1,10,2),(33,'2024-02-15 04:53:43.975332','2024-02-16 00:11:34.097167',1,1,10,3),(34,'2024-02-15 04:53:44.005096','2024-02-16 00:11:34.133928',2,0,10,4),(35,'2024-02-15 04:53:44.036650','2024-02-16 00:11:34.181096',1,1,10,5),(36,'2024-02-15 04:53:44.071166','2024-02-16 00:11:34.203858',1,1,10,6),(37,'2024-02-15 04:53:44.100396','2024-02-16 00:11:34.231524',2,0,10,7),(38,'2024-02-15 04:53:44.129125','2024-02-16 00:11:34.271652',2,0,10,8),(39,'2024-02-15 04:53:44.157858','2024-02-16 00:11:34.308104',2,0,10,9),(40,'2024-02-15 04:53:44.186540','2024-02-16 00:11:34.342617',1,1,10,10),(41,'2024-02-15 04:53:59.051307','2024-02-15 04:53:59.051307',1,0,11,1),(42,'2024-02-15 04:53:59.080461','2024-02-15 04:53:59.080461',1,0,11,2),(43,'2024-02-15 04:53:59.109177','2024-02-15 04:53:59.109177',1,0,11,3),(44,'2024-02-15 04:53:59.137960','2024-02-15 04:53:59.137960',1,0,11,4),(45,'2024-02-15 04:53:59.164993','2024-02-15 04:53:59.164993',1,0,11,5),(46,'2024-02-15 04:53:59.199281','2024-02-15 04:53:59.199281',1,0,11,6),(47,'2024-02-15 04:53:59.227660','2024-02-15 04:53:59.227660',1,0,11,7),(48,'2024-02-15 04:53:59.260268','2024-02-15 04:53:59.260268',1,0,11,8),(49,'2024-02-15 04:53:59.289545','2024-02-15 04:53:59.289545',0,1,11,9),(50,'2024-02-15 04:53:59.313613','2024-02-15 04:53:59.313613',1,0,11,10),(51,'2024-02-15 04:56:42.610764','2024-02-15 04:56:42.610764',0,1,11,44),(52,'2024-02-15 04:56:42.632099','2024-02-15 04:56:42.632099',1,0,11,45),(53,'2024-02-15 04:56:42.666044','2024-02-15 04:56:42.666044',1,0,11,46),(54,'2024-02-15 04:56:42.691055','2024-02-15 04:56:42.691055',0,1,11,47),(55,'2024-02-15 04:56:42.712463','2024-02-15 04:56:42.712463',0,1,11,48),(56,'2024-02-15 04:56:42.733702','2024-02-15 04:56:42.733702',1,0,11,49),(57,'2024-02-15 04:56:42.758600','2024-02-15 04:56:42.758600',1,0,11,40),(58,'2024-02-15 04:56:42.783863','2024-02-15 04:56:42.783863',0,1,11,41),(59,'2024-02-15 04:56:42.806112','2024-02-15 04:56:42.806112',0,1,11,42),(60,'2024-02-15 04:56:42.827899','2024-02-15 04:56:42.827899',1,0,11,43),(61,'2024-02-15 04:58:11.038704','2024-02-15 04:58:11.038704',0,1,11,66),(62,'2024-02-15 04:58:11.106411','2024-02-15 04:58:11.106411',1,0,11,67),(63,'2024-02-15 04:58:11.167312','2024-02-15 04:58:11.167312',1,0,11,68),(64,'2024-02-15 04:58:11.208013','2024-02-15 04:58:11.208013',1,0,11,69),(65,'2024-02-15 04:58:11.242941','2024-02-15 04:58:11.242941',1,0,11,60),(66,'2024-02-15 04:58:11.283709','2024-02-15 04:58:11.283709',0,1,11,61),(67,'2024-02-15 04:58:11.317038','2024-02-15 04:58:11.317038',0,1,11,62),(68,'2024-02-15 04:58:11.349666','2024-02-15 04:58:11.349666',0,1,11,63),(69,'2024-02-15 04:58:11.379365','2024-02-15 04:58:11.379365',0,1,11,64),(70,'2024-02-15 04:58:11.409130','2024-02-15 04:58:11.409130',0,1,11,65),(71,'2024-02-15 05:01:00.734052','2024-02-15 05:01:00.734052',0,1,14,44),(72,'2024-02-15 05:01:00.756317','2024-02-15 05:01:00.756317',1,0,14,45),(73,'2024-02-15 05:01:00.782339','2024-02-15 05:01:00.782339',0,1,14,46),(74,'2024-02-15 05:01:00.804118','2024-02-15 05:01:00.804118',0,1,14,47),(75,'2024-02-15 05:01:00.826498','2024-02-15 05:01:00.826498',1,0,14,48),(76,'2024-02-15 05:01:00.853794','2024-02-15 05:01:00.853794',1,0,14,49),(77,'2024-02-15 05:01:00.880009','2024-02-15 05:01:00.880009',0,1,14,40),(78,'2024-02-15 05:01:00.903278','2024-02-15 05:01:00.903278',1,0,14,41),(79,'2024-02-15 05:01:00.934860','2024-02-15 05:01:00.934860',0,1,14,42),(80,'2024-02-15 05:01:00.963033','2024-02-15 05:01:00.963033',0,1,14,43),(81,'2024-02-15 14:52:30.270892','2024-02-15 14:52:30.270892',1,0,12,1),(82,'2024-02-15 14:52:30.365162','2024-02-15 14:52:30.365162',1,0,12,2),(83,'2024-02-15 14:52:30.410138','2024-02-15 14:52:30.410138',1,0,12,3),(84,'2024-02-15 14:52:30.452921','2024-02-15 14:52:30.452921',1,0,12,4),(85,'2024-02-15 14:52:30.497131','2024-02-15 14:52:30.497131',1,0,12,5),(86,'2024-02-15 14:52:30.540730','2024-02-15 14:52:30.540730',1,0,12,6),(87,'2024-02-15 14:52:30.586147','2024-02-15 14:52:30.586147',1,0,12,7),(88,'2024-02-15 14:52:30.626652','2024-02-15 14:52:30.626652',1,0,12,8),(89,'2024-02-15 14:52:30.667977','2024-02-15 14:52:30.667977',1,0,12,9),(90,'2024-02-15 14:52:30.704893','2024-02-15 14:52:30.704893',1,0,12,10),(91,'2024-02-15 14:57:29.108831','2024-02-16 10:10:19.779835',4,12,15,1),(92,'2024-02-15 14:57:29.141165','2024-02-16 10:10:19.805536',4,12,15,2),(93,'2024-02-15 14:57:29.167321','2024-02-16 10:10:19.834030',4,12,15,3),(94,'2024-02-15 14:57:29.193055','2024-02-16 10:10:19.864654',4,12,15,4),(95,'2024-02-15 14:57:29.216898','2024-02-16 10:10:19.890510',4,12,15,5),(96,'2024-02-15 14:57:29.243002','2024-02-16 10:10:19.918030',5,11,15,6),(97,'2024-02-15 14:57:29.269192','2024-02-16 10:10:19.948062',4,12,15,7),(98,'2024-02-15 14:57:29.293110','2024-02-16 10:10:19.973665',4,12,15,8),(99,'2024-02-15 14:57:29.321399','2024-02-16 10:10:19.999918',3,13,15,9),(100,'2024-02-15 14:57:29.351127','2024-02-16 10:10:20.018316',4,12,15,10),(101,'2024-02-15 15:06:06.745464','2024-02-15 15:30:00.772609',0,2,13,55),(102,'2024-02-15 15:06:06.766246','2024-02-15 15:30:00.786762',1,1,13,56),(103,'2024-02-15 15:06:06.795466','2024-02-15 15:30:00.799307',1,1,13,57),(104,'2024-02-15 15:06:06.828352','2024-02-15 15:30:00.812112',0,2,13,58),(105,'2024-02-15 15:06:06.846657','2024-02-15 15:30:00.824190',1,1,13,59),(106,'2024-02-15 15:06:06.879314','2024-02-15 15:30:00.837412',0,2,13,50),(107,'2024-02-15 15:06:06.894990','2024-02-15 15:30:00.850803',0,2,13,51),(108,'2024-02-15 15:06:06.911838','2024-02-15 15:30:00.864933',0,2,13,52),(109,'2024-02-15 15:06:06.928681','2024-02-15 15:30:00.878552',0,2,13,53),(110,'2024-02-15 15:06:06.945920','2024-02-15 15:30:00.892545',0,2,13,54),(111,'2024-02-15 15:12:31.104325','2024-02-15 15:14:24.341443',1,1,16,1),(112,'2024-02-15 15:12:31.131282','2024-02-15 15:14:24.355050',1,1,16,2),(113,'2024-02-15 15:12:31.162438','2024-02-15 15:14:24.367880',1,1,16,3),(114,'2024-02-15 15:12:31.203820','2024-02-15 15:14:24.380755',1,1,16,4),(115,'2024-02-15 15:12:31.233180','2024-02-15 15:14:24.392811',1,1,16,5),(116,'2024-02-15 15:12:31.262346','2024-02-15 15:14:24.404613',1,1,16,6),(117,'2024-02-15 15:12:31.289393','2024-02-15 15:14:24.416263',1,1,16,7),(118,'2024-02-15 15:12:31.317865','2024-02-15 15:14:24.428053',1,1,16,8),(119,'2024-02-15 15:12:31.348422','2024-02-15 15:14:24.441571',1,1,16,9),(120,'2024-02-15 15:12:31.375646','2024-02-15 15:14:24.455052',1,1,16,10),(121,'2024-02-15 15:15:50.823707','2024-02-16 10:15:01.861702',2,0,17,1),(122,'2024-02-15 15:15:50.849720','2024-02-16 10:15:01.885169',2,0,17,2),(123,'2024-02-15 15:15:50.876347','2024-02-16 10:15:01.907666',2,0,17,3),(124,'2024-02-15 15:15:50.903090','2024-02-16 10:15:01.934096',2,0,17,4),(125,'2024-02-15 15:15:50.929354','2024-02-16 10:15:01.958762',2,0,17,5),(126,'2024-02-15 15:15:50.956021','2024-02-16 10:15:01.983377',2,0,17,6),(127,'2024-02-15 15:15:50.985327','2024-02-16 10:15:02.008236',2,0,17,7),(128,'2024-02-15 15:15:51.011593','2024-02-16 10:15:02.032296',2,0,17,8),(129,'2024-02-15 15:15:51.038208','2024-02-16 10:15:02.055011',2,0,17,9),(130,'2024-02-15 15:15:51.063391','2024-02-16 10:15:02.079558',2,0,17,10),(141,'2024-02-15 15:26:01.162459','2024-02-15 15:26:01.162459',1,0,20,1),(142,'2024-02-15 15:26:01.188704','2024-02-15 15:26:01.188704',1,0,20,2),(143,'2024-02-15 15:26:01.212781','2024-02-15 15:26:01.212781',1,0,20,3),(144,'2024-02-15 15:26:01.239877','2024-02-15 15:26:01.239877',1,0,20,4),(145,'2024-02-15 15:26:01.265450','2024-02-15 15:26:01.265450',1,0,20,5),(146,'2024-02-15 15:26:01.301361','2024-02-15 15:26:01.301361',1,0,20,6),(147,'2024-02-15 15:26:01.328769','2024-02-15 15:26:01.328769',1,0,20,7),(148,'2024-02-15 15:26:01.353963','2024-02-15 15:26:01.353963',1,0,20,8),(149,'2024-02-15 15:26:01.376530','2024-02-15 15:26:01.376530',1,0,20,9),(150,'2024-02-15 15:26:01.402123','2024-02-15 15:26:01.402123',1,0,20,10),(161,'2024-02-15 16:33:08.609193','2024-02-15 16:33:08.609193',1,0,13,66),(162,'2024-02-15 16:33:08.634987','2024-02-15 16:33:08.634987',1,0,13,67),(163,'2024-02-15 16:33:08.657192','2024-02-15 16:33:08.657192',1,0,13,68),(164,'2024-02-15 16:33:08.677786','2024-02-15 16:33:08.677786',1,0,13,69),(165,'2024-02-15 16:33:08.698718','2024-02-15 16:33:08.698718',1,0,13,60),(166,'2024-02-15 16:33:08.720305','2024-02-15 16:33:08.720305',1,0,13,61),(167,'2024-02-15 16:33:08.742880','2024-02-15 16:33:08.742880',1,0,13,62),(168,'2024-02-15 16:33:08.765288','2024-02-15 16:33:08.765288',0,1,13,63),(169,'2024-02-15 16:33:08.781829','2024-02-15 16:33:08.781829',0,1,13,64),(170,'2024-02-15 16:33:08.797403','2024-02-15 16:33:08.797403',1,0,13,65),(171,'2024-02-15 16:34:51.114389','2024-02-16 10:37:09.880695',2,4,13,1),(172,'2024-02-15 16:34:51.134772','2024-02-16 10:37:09.902420',2,4,13,2),(173,'2024-02-15 16:34:51.154024','2024-02-16 10:37:09.923597',2,4,13,3),(174,'2024-02-15 16:34:51.174653','2024-02-16 10:37:09.944333',2,4,13,4),(175,'2024-02-15 16:34:51.198423','2024-02-16 10:37:09.966518',2,4,13,5),(176,'2024-02-15 16:34:51.222436','2024-02-16 10:37:09.987115',2,4,13,6),(177,'2024-02-15 16:34:51.245003','2024-02-16 10:37:10.007141',2,4,13,7),(178,'2024-02-15 16:34:51.269914','2024-02-16 10:37:10.029328',2,4,13,8),(179,'2024-02-15 16:34:51.297202','2024-02-16 10:37:10.052875',3,3,13,9),(180,'2024-02-15 16:34:51.321000','2024-02-16 10:37:10.073338',2,4,13,10),(181,'2024-02-15 21:09:56.522028','2024-02-15 21:30:11.493505',1,1,24,1),(182,'2024-02-15 21:09:56.553689','2024-02-15 21:30:11.508474',2,0,24,2),(183,'2024-02-15 21:09:56.582181','2024-02-15 21:30:11.534054',2,0,24,3),(184,'2024-02-15 21:09:56.611428','2024-02-15 21:30:11.560550',2,0,24,4),(185,'2024-02-15 21:09:56.642846','2024-02-15 21:30:11.590197',2,0,24,5),(186,'2024-02-15 21:09:56.675176','2024-02-15 21:30:11.626740',2,0,24,6),(187,'2024-02-15 21:09:56.703702','2024-02-15 21:30:11.650734',2,0,24,7),(188,'2024-02-15 21:09:56.746422','2024-02-15 21:30:11.676260',2,0,24,8),(189,'2024-02-15 21:09:56.774928','2024-02-15 21:30:11.700368',1,1,24,9),(190,'2024-02-15 21:09:56.804935','2024-02-15 21:30:11.715493',2,0,24,10),(191,'2024-02-15 21:25:40.160078','2024-02-15 21:25:40.160078',0,1,24,44),(192,'2024-02-15 21:25:40.182095','2024-02-15 21:25:40.182095',1,0,24,45),(193,'2024-02-15 21:25:40.209113','2024-02-15 21:25:40.209113',0,1,24,46),(194,'2024-02-15 21:25:40.228949','2024-02-15 21:25:40.228949',1,0,24,47),(195,'2024-02-15 21:25:40.256790','2024-02-15 21:25:40.256790',1,0,24,48),(196,'2024-02-15 21:25:40.284618','2024-02-15 21:25:40.284618',1,0,24,49),(197,'2024-02-15 21:25:40.314954','2024-02-15 21:25:40.314954',0,1,24,40),(198,'2024-02-15 21:25:40.331193','2024-02-15 21:25:40.331193',0,1,24,41),(199,'2024-02-15 21:25:40.346950','2024-02-15 21:25:40.346950',1,0,24,42),(200,'2024-02-15 21:25:40.374290','2024-02-15 21:25:40.374290',1,0,24,43),(201,'2024-02-15 21:39:04.861172','2024-02-15 21:39:04.861172',1,0,24,22),(202,'2024-02-15 21:39:04.890029','2024-02-15 21:39:04.890029',0,1,24,23),(203,'2024-02-15 21:39:04.909489','2024-02-15 21:39:04.909489',1,0,24,24),(204,'2024-02-15 21:39:04.936828','2024-02-15 21:39:04.936828',1,0,24,26),(205,'2024-02-15 21:39:04.961516','2024-02-15 21:39:04.961516',1,0,24,16),(206,'2024-02-15 21:39:04.985979','2024-02-15 21:39:04.985979',1,0,24,27),(207,'2024-02-15 21:39:05.009110','2024-02-15 21:39:05.009110',1,0,24,17),(208,'2024-02-15 21:39:05.039150','2024-02-15 21:39:05.039150',1,0,24,28),(209,'2024-02-15 21:39:05.061649','2024-02-15 21:39:05.061649',1,0,24,29),(210,'2024-02-15 21:39:05.084225','2024-02-15 21:39:05.084225',0,1,24,20),(211,'2024-02-16 00:39:09.978029','2024-02-16 03:51:10.338104',1,4,26,1),(212,'2024-02-16 00:39:10.002028','2024-02-16 03:51:10.350757',1,4,26,2),(213,'2024-02-16 00:39:10.024403','2024-02-16 03:51:10.362289',1,4,26,3),(214,'2024-02-16 00:39:10.047284','2024-02-16 03:51:10.376631',3,2,26,4),(215,'2024-02-16 00:39:10.073840','2024-02-16 03:51:10.388800',3,2,26,5),(216,'2024-02-16 00:39:10.101641','2024-02-16 03:51:10.406758',3,2,26,6),(217,'2024-02-16 00:39:10.130552','2024-02-16 03:51:10.419459',2,3,26,7),(218,'2024-02-16 00:39:10.160657','2024-02-16 03:51:10.431542',1,4,26,8),(219,'2024-02-16 00:39:10.183883','2024-02-16 03:51:10.444375',2,3,26,9),(220,'2024-02-16 00:39:10.208684','2024-02-16 03:51:10.456186',2,3,26,10),(221,'2024-02-16 02:20:14.226982','2024-02-16 02:20:14.226982',0,1,27,1),(222,'2024-02-16 02:20:14.289259','2024-02-16 02:20:14.289259',0,1,27,2),(223,'2024-02-16 02:20:14.324937','2024-02-16 02:20:14.324937',1,0,27,3),(224,'2024-02-16 02:20:14.400602','2024-02-16 02:20:14.400602',0,1,27,4),(225,'2024-02-16 02:20:14.436369','2024-02-16 02:20:14.436369',0,1,27,5),(226,'2024-02-16 02:20:14.475470','2024-02-16 02:20:14.475470',0,1,27,6),(227,'2024-02-16 02:20:14.514753','2024-02-16 02:20:14.514753',1,0,27,7),(228,'2024-02-16 02:20:14.561379','2024-02-16 02:20:14.561379',1,0,27,8),(229,'2024-02-16 02:20:14.608211','2024-02-16 02:20:14.608211',0,1,27,9),(230,'2024-02-16 02:20:14.642333','2024-02-16 02:20:14.642333',0,1,27,10),(231,'2024-02-16 02:42:24.542654','2024-02-16 02:42:24.542654',1,0,28,66),(232,'2024-02-16 02:42:24.571013','2024-02-16 02:42:24.571013',1,0,28,67),(233,'2024-02-16 02:42:24.596891','2024-02-16 02:42:24.596891',1,0,28,68),(234,'2024-02-16 02:42:24.625108','2024-02-16 02:42:24.625108',1,0,28,69),(235,'2024-02-16 02:42:24.654122','2024-02-16 02:42:24.654122',1,0,28,60),(236,'2024-02-16 02:42:24.685230','2024-02-16 02:42:24.685230',0,1,28,61),(237,'2024-02-16 02:42:24.703281','2024-02-16 02:42:24.703281',0,1,28,62),(238,'2024-02-16 02:42:24.728507','2024-02-16 02:42:24.728507',1,0,28,63),(239,'2024-02-16 02:42:24.760342','2024-02-16 02:42:24.760342',0,1,28,64),(240,'2024-02-16 02:42:24.786182','2024-02-16 02:42:24.786182',0,1,28,65),(241,'2024-02-16 02:43:43.551840','2024-02-16 02:43:43.551840',1,0,28,44),(242,'2024-02-16 02:43:43.578375','2024-02-16 02:43:43.578375',1,0,28,45),(243,'2024-02-16 02:43:43.605988','2024-02-16 02:43:43.605988',0,1,28,46),(244,'2024-02-16 02:43:43.626976','2024-02-16 02:43:43.626976',1,0,28,47),(245,'2024-02-16 02:43:43.652509','2024-02-16 02:43:43.652509',1,0,28,48),(246,'2024-02-16 02:43:43.681669','2024-02-16 02:43:43.681669',1,0,28,49),(247,'2024-02-16 02:43:43.708034','2024-02-16 02:43:43.708034',1,0,28,40),(248,'2024-02-16 02:43:43.735675','2024-02-16 02:43:43.735675',1,0,28,41),(249,'2024-02-16 02:43:43.764441','2024-02-16 02:43:43.764441',0,1,28,42),(250,'2024-02-16 02:43:43.787440','2024-02-16 02:43:43.787440',1,0,28,43),(251,'2024-02-16 02:56:19.237785','2024-02-16 03:51:45.202622',0,5,26,44),(252,'2024-02-16 02:56:19.260816','2024-02-16 03:51:45.215214',2,3,26,45),(253,'2024-02-16 02:56:19.288553','2024-02-16 03:51:45.227489',1,4,26,46),(254,'2024-02-16 02:56:19.310777','2024-02-16 03:51:45.253042',1,4,26,47),(255,'2024-02-16 02:56:19.335625','2024-02-16 03:51:45.265123',2,3,26,48),(256,'2024-02-16 02:56:19.359268','2024-02-16 03:51:45.278108',2,3,26,49),(257,'2024-02-16 02:56:19.381654','2024-02-16 03:51:45.293355',0,5,26,40),(258,'2024-02-16 02:56:19.404968','2024-02-16 03:51:45.306360',2,3,26,41),(259,'2024-02-16 02:56:19.434649','2024-02-16 03:51:45.327316',1,4,26,42),(260,'2024-02-16 02:56:19.457198','2024-02-16 03:51:45.338494',1,4,26,43),(261,'2024-02-16 02:57:28.091549','2024-02-16 03:52:39.131952',1,2,26,22),(262,'2024-02-16 02:57:28.115690','2024-02-16 03:52:39.145012',0,5,26,23),(263,'2024-02-16 02:57:28.132875','2024-02-16 03:38:02.824721',0,2,26,12),(264,'2024-02-16 02:57:28.150759','2024-02-16 03:52:39.181396',0,5,26,25),(265,'2024-02-16 02:57:28.174397','2024-02-16 03:38:02.859538',0,3,26,14),(266,'2024-02-16 02:57:28.194681','2024-02-16 02:57:28.194681',1,0,26,26),(267,'2024-02-16 02:57:28.218515','2024-02-16 02:57:28.218515',1,0,26,27),(268,'2024-02-16 02:57:28.240963','2024-02-16 03:52:39.211966',0,5,26,17),(269,'2024-02-16 02:57:28.260654','2024-02-16 03:52:39.236853',0,4,26,18),(270,'2024-02-16 02:57:28.279019','2024-02-16 03:52:39.249458',1,3,26,19),(271,'2024-02-16 02:58:26.278971','2024-02-16 03:54:08.771718',0,5,26,33),(272,'2024-02-16 02:58:26.298386','2024-02-16 03:54:08.784149',0,5,26,34),(273,'2024-02-16 02:58:26.317277','2024-02-16 03:54:08.795901',3,2,26,35),(274,'2024-02-16 02:58:26.344727','2024-02-16 03:54:08.815631',3,2,26,36),(275,'2024-02-16 02:58:26.370086','2024-02-16 03:54:08.834782',0,5,26,37),(276,'2024-02-16 02:58:26.389664','2024-02-16 03:54:08.847204',1,4,26,38),(277,'2024-02-16 02:58:26.411084','2024-02-16 03:54:08.873221',2,3,26,39),(278,'2024-02-16 02:58:26.432615','2024-02-16 03:54:08.891732',0,5,26,30),(279,'2024-02-16 02:58:26.454116','2024-02-16 03:54:08.904118',3,2,26,31),(280,'2024-02-16 02:58:26.481625','2024-02-16 03:54:08.923374',0,5,26,32),(281,'2024-02-16 02:59:01.198446','2024-02-16 03:54:44.136122',2,3,26,66),(282,'2024-02-16 02:59:01.226232','2024-02-16 03:54:44.149112',3,2,26,67),(283,'2024-02-16 02:59:01.245561','2024-02-16 03:54:44.167393',2,3,26,68),(284,'2024-02-16 02:59:01.267741','2024-02-16 03:54:44.177073',2,3,26,69),(285,'2024-02-16 02:59:01.291005','2024-02-16 03:54:44.188232',0,5,26,60),(286,'2024-02-16 02:59:01.313782','2024-02-16 03:54:44.199858',2,3,26,61),(287,'2024-02-16 02:59:01.335423','2024-02-16 03:54:44.219424',3,2,26,62),(288,'2024-02-16 02:59:01.355408','2024-02-16 03:54:44.237991',3,2,26,63),(289,'2024-02-16 02:59:01.378113','2024-02-16 03:54:44.258190',2,3,26,64),(290,'2024-02-16 02:59:01.405128','2024-02-16 03:54:44.275410',3,2,26,65),(291,'2024-02-16 03:00:15.882577','2024-02-16 03:56:53.265013',1,4,26,55),(292,'2024-02-16 03:00:15.902698','2024-02-16 03:56:53.283268',1,4,26,56),(293,'2024-02-16 03:00:15.923976','2024-02-16 03:56:53.296150',0,5,26,57),(294,'2024-02-16 03:00:15.944335','2024-02-16 03:56:53.307568',1,4,26,58),(295,'2024-02-16 03:00:15.968920','2024-02-16 03:56:53.319886',0,5,26,59),(296,'2024-02-16 03:00:15.996189','2024-02-16 03:56:53.331672',0,5,26,50),(297,'2024-02-16 03:00:16.020437','2024-02-16 03:56:53.342739',0,5,26,51),(298,'2024-02-16 03:00:16.043359','2024-02-16 03:56:53.355942',1,4,26,52),(299,'2024-02-16 03:00:16.066373','2024-02-16 03:56:53.382355',1,4,26,53),(300,'2024-02-16 03:00:16.090326','2024-02-16 03:56:53.409729',2,3,26,54),(301,'2024-02-16 03:13:16.222032','2024-02-16 03:13:16.222032',1,0,26,15),(302,'2024-02-16 03:13:16.245108','2024-02-16 03:52:39.193580',2,1,26,16),(303,'2024-02-16 03:13:16.283447','2024-02-16 03:52:39.224906',1,2,26,28),(304,'2024-02-16 03:13:16.337127','2024-02-16 03:38:02.929968',1,1,26,21),(305,'2024-02-16 03:19:57.675605','2024-02-16 03:19:57.675605',0,1,26,11),(306,'2024-02-16 03:19:57.699829','2024-02-16 03:52:39.157018',1,2,26,24),(307,'2024-02-16 03:19:57.801013','2024-02-16 03:52:39.274326',0,3,26,20),(308,'2024-02-16 03:38:02.894374','2024-02-16 03:38:02.894374',1,0,26,29),(309,'2024-02-16 04:09:20.480212','2024-02-16 04:37:11.124144',0,2,29,1),(310,'2024-02-16 04:09:20.499521','2024-02-16 04:37:11.137835',1,1,29,2),(311,'2024-02-16 04:09:20.518351','2024-02-16 04:37:11.162252',2,0,29,3),(312,'2024-02-16 04:09:20.543006','2024-02-16 04:37:11.184812',2,0,29,4),(313,'2024-02-16 04:09:20.567111','2024-02-16 04:37:11.202025',2,0,29,5),(314,'2024-02-16 04:09:20.590587','2024-02-16 04:37:11.220310',1,1,29,6),(315,'2024-02-16 04:09:20.614525','2024-02-16 04:37:11.232318',2,0,29,7),(316,'2024-02-16 04:09:20.638968','2024-02-16 04:37:11.254376',2,0,29,8),(317,'2024-02-16 04:09:20.665518','2024-02-16 04:37:11.275574',1,1,29,9),(318,'2024-02-16 04:09:20.688174','2024-02-16 04:37:11.301057',1,1,29,10),(319,'2024-02-16 04:30:16.261086','2024-02-16 04:37:40.541939',0,2,29,44),(320,'2024-02-16 04:30:16.281657','2024-02-16 04:37:40.554703',2,0,29,45),(321,'2024-02-16 04:30:16.303997','2024-02-16 04:37:40.575944',0,2,29,46),(322,'2024-02-16 04:30:16.325547','2024-02-16 04:37:40.587195',1,1,29,47),(323,'2024-02-16 04:30:16.348512','2024-02-16 04:37:40.598347',2,0,29,48),(324,'2024-02-16 04:30:16.371170','2024-02-16 04:37:40.615559',0,2,29,49),(325,'2024-02-16 04:30:16.391147','2024-02-16 04:37:40.626684',1,1,29,40),(326,'2024-02-16 04:30:16.414419','2024-02-16 04:37:40.639109',0,2,29,41),(327,'2024-02-16 04:30:16.433171','2024-02-16 04:37:40.651169',0,2,29,42),(328,'2024-02-16 04:30:16.452994','2024-02-16 04:37:40.662722',1,1,29,43),(329,'2024-02-16 04:32:23.896468','2024-02-16 04:32:23.896468',1,0,29,12),(330,'2024-02-16 04:32:23.919541','2024-02-16 04:38:55.952686',0,2,29,13),(331,'2024-02-16 04:32:23.937139','2024-02-16 04:38:56.027979',2,0,29,15),(332,'2024-02-16 04:32:23.960152','2024-02-16 04:38:56.047455',1,1,29,16),(333,'2024-02-16 04:32:23.979263','2024-02-16 04:32:23.979263',0,1,29,17),(334,'2024-02-16 04:32:23.998324','2024-02-16 04:32:23.998324',1,0,29,28),(335,'2024-02-16 04:32:24.019460','2024-02-16 04:32:24.019460',1,0,29,29),(336,'2024-02-16 04:32:24.041591','2024-02-16 04:32:24.041591',1,0,29,19),(337,'2024-02-16 04:32:24.063466','2024-02-16 04:32:24.063466',0,1,29,20),(338,'2024-02-16 04:32:24.081558','2024-02-16 04:32:24.081558',1,0,29,21),(339,'2024-02-16 04:33:01.565844','2024-02-16 04:39:32.353281',0,2,29,33),(340,'2024-02-16 04:33:01.584976','2024-02-16 04:39:32.365118',0,2,29,34),(341,'2024-02-16 04:33:01.602812','2024-02-16 04:39:32.375766',2,0,29,35),(342,'2024-02-16 04:33:01.626543','2024-02-16 04:39:32.394303',0,2,29,36),(343,'2024-02-16 04:33:01.645487','2024-02-16 04:39:32.405144',0,2,29,37),(344,'2024-02-16 04:33:01.661768','2024-02-16 04:39:32.416736',0,2,29,38),(345,'2024-02-16 04:33:01.678703','2024-02-16 04:39:32.427404',2,0,29,39),(346,'2024-02-16 04:33:01.701805','2024-02-16 04:39:32.446450',0,2,29,30),(347,'2024-02-16 04:33:01.718873','2024-02-16 04:39:32.458100',0,2,29,31),(348,'2024-02-16 04:33:01.737805','2024-02-16 04:39:32.470621',1,1,29,32),(349,'2024-02-16 04:33:36.209739','2024-02-16 04:40:06.933364',1,1,29,66),(350,'2024-02-16 04:33:36.232381','2024-02-16 04:40:06.946012',2,0,29,67),(351,'2024-02-16 04:33:36.251304','2024-02-16 04:40:06.963973',2,0,29,68),(352,'2024-02-16 04:33:36.271536','2024-02-16 04:40:06.983412',1,1,29,69),(353,'2024-02-16 04:33:36.289938','2024-02-16 04:40:07.005650',2,0,29,60),(354,'2024-02-16 04:33:36.311974','2024-02-16 04:40:07.024299',1,1,29,61),(355,'2024-02-16 04:33:36.332017','2024-02-16 04:40:07.037149',2,0,29,62),(356,'2024-02-16 04:33:36.350857','2024-02-16 04:40:07.055169',2,0,29,63),(357,'2024-02-16 04:33:36.376540','2024-02-16 04:40:07.073798',1,1,29,64),(358,'2024-02-16 04:33:36.393628','2024-02-16 04:40:07.102225',1,1,29,65),(359,'2024-02-16 04:34:06.022747','2024-02-16 04:40:41.366417',1,1,29,55),(360,'2024-02-16 04:34:06.039952','2024-02-16 04:40:41.394486',0,2,29,56),(361,'2024-02-16 04:34:06.055275','2024-02-16 04:40:41.407608',0,2,29,57),(362,'2024-02-16 04:34:06.073405','2024-02-16 04:40:41.420068',1,1,29,58),(363,'2024-02-16 04:34:06.095871','2024-02-16 04:40:41.431717',1,1,29,59),(364,'2024-02-16 04:34:06.116280','2024-02-16 04:40:41.446093',0,2,29,50),(365,'2024-02-16 04:34:06.133962','2024-02-16 04:40:41.459388',0,2,29,51),(366,'2024-02-16 04:34:06.150349','2024-02-16 04:40:41.472560',0,2,29,52),(367,'2024-02-16 04:34:06.167450','2024-02-16 04:40:41.486054',0,2,29,53),(368,'2024-02-16 04:34:06.184857','2024-02-16 04:40:41.499403',0,2,29,54),(369,'2024-02-16 04:38:55.900483','2024-02-16 04:38:55.900483',1,0,29,22),(370,'2024-02-16 04:38:55.922351','2024-02-16 04:38:55.922351',0,1,29,23),(371,'2024-02-16 04:38:55.937842','2024-02-16 04:38:55.937842',0,1,29,24),(372,'2024-02-16 04:38:55.966223','2024-02-16 04:38:55.966223',0,1,29,25),(373,'2024-02-16 04:38:55.982017','2024-02-16 04:38:55.982017',1,0,29,14),(374,'2024-02-16 04:38:56.004372','2024-02-16 04:38:56.004372',1,0,29,26),(375,'2024-02-16 04:38:56.071873','2024-02-16 04:38:56.071873',0,1,29,18),(396,'2024-02-16 10:29:24.541338','2024-02-16 10:29:24.541338',1,0,34,1),(397,'2024-02-16 10:29:24.564275','2024-02-16 10:29:24.564275',1,0,34,2),(398,'2024-02-16 10:29:24.585763','2024-02-16 10:29:24.585763',1,0,34,3),(399,'2024-02-16 10:29:24.608179','2024-02-16 10:29:24.608179',1,0,34,4),(400,'2024-02-16 10:29:24.629700','2024-02-16 10:29:24.629700',1,0,34,5),(401,'2024-02-16 10:29:24.653230','2024-02-16 10:29:24.653230',1,0,34,6),(402,'2024-02-16 10:29:24.678474','2024-02-16 10:29:24.678474',1,0,34,7),(403,'2024-02-16 10:29:24.702235','2024-02-16 10:29:24.702235',1,0,34,8),(404,'2024-02-16 10:29:24.725322','2024-02-16 10:29:24.725322',1,0,34,9),(405,'2024-02-16 10:29:24.748838','2024-02-16 10:29:24.748838',1,0,34,10);
/*!40000 ALTER TABLE `solved_quiz` ENABLE KEYS */;
UNLOCK TABLES;

--
-- Table structure for table `streak`
--

DROP TABLE IF EXISTS `streak`;
/*!40101 SET @saved_cs_client     = @@character_set_client */;
/*!50503 SET character_set_client = utf8mb4 */;
CREATE TABLE `streak` (
  `id` int NOT NULL AUTO_INCREMENT,
  `created_at` datetime(6) DEFAULT NULL,
  `updated_at` datetime(6) DEFAULT NULL,
  `quiz_count` int NOT NULL,
  `member_id` int DEFAULT NULL,
  PRIMARY KEY (`id`),
  KEY `FKhfmv2vccmigv977wx3kch1wg1` (`member_id`),
  CONSTRAINT `FKhfmv2vccmigv977wx3kch1wg1` FOREIGN KEY (`member_id`) REFERENCES `member` (`id`) ON DELETE CASCADE
) ENGINE=InnoDB AUTO_INCREMENT=56 DEFAULT CHARSET=utf8mb4 COLLATE=utf8mb4_0900_ai_ci;
/*!40101 SET character_set_client = @saved_cs_client */;

--
-- Dumping data for table `streak`
--

LOCK TABLES `streak` WRITE;
/*!40000 ALTER TABLE `streak` DISABLE KEYS */;
INSERT INTO `streak` VALUES (1,'2023-03-06 18:11:23.000000','2024-02-06 18:11:23.000000',1,1),(2,'2023-02-28 18:11:28.000000','2023-02-28 18:11:28.000000',3,1),(3,'2023-02-05 18:11:28.000000','2023-02-05 18:11:28.000000',4,1),(4,'2023-02-27 18:11:28.000000','2023-02-27 18:11:28.000000',5,1),(5,'2024-02-07 10:59:17.000000','2024-02-07 10:59:17.000000',9,1),(6,'2024-02-06 10:59:17.000000','2024-02-06 10:59:17.000000',1,1),(7,'2024-02-05 10:59:17.000000','2024-02-05 10:59:17.000000',2,1),(8,'2024-01-07 10:59:17.000000','2024-01-07 10:59:17.000000',9,1),(9,'2024-01-08 15:39:42.000000','2024-01-08 15:39:42.000000',10,1),(10,'2024-01-10 10:59:17.000000','2024-01-10 10:59:17.000000',11,1),(11,'2024-02-01 10:59:17.000000','2024-02-01 10:59:17.000000',39,1),(12,'2024-02-02 10:59:17.000000','2024-02-02 10:59:17.000000',40,1),(13,'2024-02-03 10:59:17.000000','2024-02-03 10:59:17.000000',41,1),(14,'2024-02-04 10:59:17.000000','2024-02-04 10:59:17.000000',20,1),(15,'2024-01-05 10:59:17.000000','2024-01-05 10:59:17.000000',30,1),(16,'2024-01-15 10:59:17.000000','2024-01-15 10:59:17.000000',31,1),(17,'2023-02-07 18:11:28.000000','2023-02-07 18:11:28.000000',20,1),(18,'2023-02-08 18:11:28.000000','2023-02-08 18:11:28.000000',19,1),(19,'2023-02-09 18:11:28.000000','2023-02-09 18:11:28.000000',21,1),(20,'2023-02-10 18:11:28.000000','2023-02-10 18:11:28.000000',29,1),(21,'2023-02-12 18:11:28.000000','2023-02-12 18:11:28.000000',28,1),(22,'2023-02-14 18:11:28.000000','2023-02-14 18:11:28.000000',27,1),(23,'2023-02-16 18:11:28.000000','2023-02-16 18:11:28.000000',59,1),(24,'2024-02-15 04:51:17.045543','2024-02-15 05:14:42.558874',12,7),(25,'2024-02-15 04:53:43.907343','2024-02-15 04:53:44.188669',10,10),(26,'2024-02-15 04:53:59.048163','2024-02-15 04:58:11.245760',18,11),(27,'2024-02-15 05:01:00.753597','2024-02-15 05:01:00.905535',4,14),(28,'2024-02-15 14:52:30.218673','2024-02-15 14:52:30.708047',10,12),(29,'2024-02-15 14:57:29.239622','2024-02-15 15:05:11.172100',11,15),(30,'2024-02-15 15:06:06.762611','2024-02-15 18:42:25.116839',22,13),(31,'2024-02-15 15:12:31.101301','2024-02-15 15:12:31.377579',10,16),(32,'2024-02-15 15:15:50.821228','2024-02-15 15:15:51.065227',10,17),(34,'2024-02-15 15:26:01.160167','2024-02-15 15:26:01.403777',10,20),(35,'2024-02-15 21:09:56.518284','2024-02-15 21:39:05.063182',32,24),(36,'2024-02-16 00:11:34.123383','2024-02-16 00:11:34.307766',4,10),(37,'2024-02-16 00:39:10.044720','2024-02-16 03:56:53.409662',74,26),(38,'2024-02-16 02:20:14.315278','2024-02-16 02:20:14.565292',3,27),(39,'2024-02-16 02:42:24.539978','2024-02-16 02:43:43.789056',14,28),(44,'2024-02-15 03:15:07.000000','2024-02-15 03:15:12.000000',17,26),(45,'2024-02-05 03:24:40.000000','2024-02-05 03:24:45.000000',10,26),(46,'2024-02-04 03:25:20.000000','2024-02-04 03:25:29.000000',12,26),(47,'2023-12-26 03:25:41.000000','2023-12-26 03:25:41.000000',14,26),(48,'2024-02-12 04:09:20.516000','2024-02-12 04:34:06.097000',29,29),(49,'2024-02-15 04:37:11.135000','2024-02-16 04:40:41.366384',26,29),(50,'2024-02-16 10:00:12.023247','2024-02-16 10:10:20.018061',29,15),(51,'2024-02-16 10:12:19.087931','2024-02-16 10:24:00.200771',19,7),(52,'2024-02-16 10:15:01.858163','2024-02-16 10:15:02.079337',10,17),(54,'2024-02-16 10:29:24.538885','2024-02-16 10:29:24.750393',10,34),(55,'2024-02-16 10:37:09.878130','2024-02-16 10:37:10.073205',10,13);
/*!40000 ALTER TABLE `streak` ENABLE KEYS */;
UNLOCK TABLES;

--
-- Table structure for table `tier`
--

DROP TABLE IF EXISTS `tier`;
/*!40101 SET @saved_cs_client     = @@character_set_client */;
/*!50503 SET character_set_client = utf8mb4 */;
CREATE TABLE `tier` (
  `id` int NOT NULL AUTO_INCREMENT,
  `created_at` datetime(6) DEFAULT NULL,
  `updated_at` datetime(6) DEFAULT NULL,
  `max_score` int NOT NULL,
  `min_score` int NOT NULL,
  `name` varchar(255) NOT NULL,
  PRIMARY KEY (`id`),
  UNIQUE KEY `UK_41thf79xhgrvjrsjgafbifysh` (`name`),
  UNIQUE KEY `UK_ayps9i2gsfu208qjja42nvgql` (`max_score`),
  UNIQUE KEY `UK_lg2lg4ufuwskb9qtwn71ctat0` (`min_score`)
) ENGINE=InnoDB AUTO_INCREMENT=13 DEFAULT CHARSET=utf8mb4 COLLATE=utf8mb4_0900_ai_ci;
/*!40101 SET character_set_client = @saved_cs_client */;

--
-- Dumping data for table `tier`
--

LOCK TABLES `tier` WRITE;
/*!40000 ALTER TABLE `tier` DISABLE KEYS */;
INSERT INTO `tier` VALUES (6,'2024-02-15 13:25:08.000000','2024-02-15 13:25:08.000000',99,0,'선원'),(7,'2024-02-15 13:25:08.000000','2024-02-15 13:25:08.000000',199,100,'포수장'),(8,'2024-02-15 13:25:08.000000','2024-02-15 13:25:08.000000',299,200,'갑판장'),(9,'2024-02-15 13:25:08.000000','2024-02-15 13:25:08.000000',399,300,'항해사'),(10,'2024-02-15 13:25:08.000000','2024-02-15 13:25:08.000000',499,400,'일등항해사'),(11,'2024-02-15 13:25:08.000000','2024-02-15 13:25:08.000000',599,500,'부선장'),(12,'2024-02-15 13:25:08.000000','2024-02-15 13:25:08.000000',2147483647,600,'선장');
/*!40000 ALTER TABLE `tier` ENABLE KEYS */;
UNLOCK TABLES;
/*!40103 SET TIME_ZONE=@OLD_TIME_ZONE */;

/*!40101 SET SQL_MODE=@OLD_SQL_MODE */;
/*!40014 SET FOREIGN_KEY_CHECKS=@OLD_FOREIGN_KEY_CHECKS */;
/*!40014 SET UNIQUE_CHECKS=@OLD_UNIQUE_CHECKS */;
/*!40101 SET CHARACTER_SET_CLIENT=@OLD_CHARACTER_SET_CLIENT */;
/*!40101 SET CHARACTER_SET_RESULTS=@OLD_CHARACTER_SET_RESULTS */;
/*!40101 SET COLLATION_CONNECTION=@OLD_COLLATION_CONNECTION */;
/*!40111 SET SQL_NOTES=@OLD_SQL_NOTES */;

-- Dump completed on 2024-02-16 11:12:17
